{"1":{"moveName":"Pound","movePower":"40","moveType":"Normal","movePP":"35","moveEffect":"Inflicts regular damage with no additional effect."},"2":{"moveName":"Karate Chop","movePower":"50","moveType":"Fighting","movePP":"25","moveEffect":"Has an increased chance for a critical hit."},"3":{"moveName":"Double Slap","movePower":"15","moveType":"Normal","movePP":"10","moveEffect":"Hits 2-5 times in one turn."},"4":{"moveName":"Comet Punch","movePower":"18","moveType":"Normal","movePP":"15","moveEffect":"Hits 2-5 times in one turn."},"5":{"moveName":"Mega Punch","movePower":"80","moveType":"Normal","movePP":"20","moveEffect":"Inflicts regular damage with no additional effect."},"6":{"moveName":"Pay Day","movePower":"40","moveType":"Normal","movePP":"20","moveEffect":"Scatters money on the ground worth five times the user's level."},"7":{"moveName":"Fire Punch","movePower":"75","moveType":"Fire","movePP":"15","moveEffect":"Has a 10% chance to Burn the target."},"8":{"moveName":"Ice Punch","movePower":"75","moveType":"Ice","movePP":"15","moveEffect":"Has a 10% chance to Freeze the target."},"9":{"moveName":"Thunder Punch","movePower":"75","moveType":"Electric","movePP":"15","moveEffect":"Has a 10% chance to Paralysis the target."},"10":{"moveName":"Scratch","movePower":"40","moveType":"Normal","movePP":"35","moveEffect":"Inflicts regular damage with no additional effect."},"11":{"moveName":"Vice Grip","movePower":"55","moveType":"Normal","movePP":"30","moveEffect":"Inflicts regular damage with no additional effect."},"12":{"moveName":"Guillotine","movePower":"0","moveType":"Normal","movePP":"5","moveEffect":"Causes a one-hit KO."},"13":{"moveName":"Razor Wind","movePower":"80","moveType":"Normal","movePP":"10","moveEffect":"Requires a turn to charge before attacking."},"14":{"moveName":"Swords Dance","movePower":"0","moveType":"Normal","movePP":"20","moveEffect":"Raises the user's Attack by two stages."},"15":{"moveName":"Cut","movePower":"50","moveType":"Normal","movePP":"30","moveEffect":"Inflicts regular damage with no additional effect."},"16":{"moveName":"Gust","movePower":"40","moveType":"Flying","movePP":"35","moveEffect":"Inflicts regular damage and can hit Pokémon in the air."},"17":{"moveName":"Wing Attack","movePower":"60","moveType":"Flying","movePP":"35","moveEffect":"Inflicts regular damage with no additional effect."},"18":{"moveName":"Whirlwind","movePower":"0","moveType":"Normal","movePP":"20","moveEffect":"Immediately ends wild battles.  Forces trainers to switch Pokémon."},"19":{"moveName":"Fly","movePower":"90","moveType":"Flying","movePP":"15","moveEffect":"User flies high into the air, dodging all attacks, and hits next turn."},"20":{"moveName":"Bind","movePower":"15","moveType":"Normal","movePP":"20","moveEffect":"Prevents the target from fleeing and inflicts damage for 2-5 turns."},"21":{"moveName":"Slam","movePower":"80","moveType":"Normal","movePP":"20","moveEffect":"Inflicts regular damage with no additional effect."},"22":{"moveName":"Vine Whip","movePower":"45","moveType":"Grass","movePP":"25","moveEffect":"Inflicts regular damage with no additional effect."},"23":{"moveName":"Stomp","movePower":"65","moveType":"Normal","movePP":"20","moveEffect":"Has a 30% chance to make the target flinch."},"24":{"moveName":"Double Kick","movePower":"30","moveType":"Fighting","movePP":"30","moveEffect":"Hits twice in one turn."},"25":{"moveName":"Mega Kick","movePower":"120","moveType":"Normal","movePP":"5","moveEffect":"Inflicts regular damage with no additional effect."},"26":{"moveName":"Jump Kick","movePower":"100","moveType":"Fighting","movePP":"10","moveEffect":"If the user misses, it takes half the damage it would have inflicted in recoil."},"27":{"moveName":"Rolling Kick","movePower":"60","moveType":"Fighting","movePP":"15","moveEffect":"Has a 30% chance to make the target flinch."},"28":{"moveName":"Sand Attack","movePower":"0","moveType":"Ground","movePP":"15","moveEffect":"Lowers the target's accuracy by one stage."},"29":{"moveName":"Headbutt","movePower":"70","moveType":"Normal","movePP":"15","moveEffect":"Has a 30% chance to make the target flinch."},"30":{"moveName":"Horn Attack","movePower":"65","moveType":"Normal","movePP":"25","moveEffect":"Inflicts regular damage with no additional effect."},"31":{"moveName":"Fury Attack","movePower":"15","moveType":"Normal","movePP":"20","moveEffect":"Hits 2-5 times in one turn."},"32":{"moveName":"Horn Drill","movePower":"0","moveType":"Normal","movePP":"5","moveEffect":"Causes a one-hit KO."},"33":{"moveName":"Tackle","movePower":"50","moveType":"Normal","movePP":"35","moveEffect":"Inflicts regular damage with no additional effect."},"34":{"moveName":"Body Slam","movePower":"85","moveType":"Normal","movePP":"15","moveEffect":"Has a 30% chance to Paralysis the target."},"35":{"moveName":"Wrap","movePower":"15","moveType":"Normal","movePP":"20","moveEffect":"Prevents the target from fleeing and inflicts damage for 2-5 turns."},"36":{"moveName":"Take Down","movePower":"90","moveType":"Normal","movePP":"20","moveEffect":"User receives 1/4 the damage it inflicts in recoil."},"37":{"moveName":"Thrash","movePower":"120","moveType":"Normal","movePP":"10","moveEffect":"Hits every turn for 2-3 turns, then confuses the user."},"38":{"moveName":"Double Edge","movePower":"120","moveType":"Normal","movePP":"15","moveEffect":"User receives 1/3 the damage inflicted in recoil."},"39":{"moveName":"Tail Whip","movePower":"0","moveType":"Normal","movePP":"30","moveEffect":"Lowers the target's Defense by one stage."},"40":{"moveName":"Poison Sting","movePower":"15","moveType":"Poison","movePP":"35","moveEffect":"Has a 30% chance to Poison the target."},"41":{"moveName":"Twineedle","movePower":"25","moveType":"Bug","movePP":"20","moveEffect":"Hits twice in the same turn.  Has a 20% chance to poison the target."},"42":{"moveName":"Pin Missile","movePower":"25","moveType":"Bug","movePP":"20","moveEffect":"Hits 2-5 times in one turn."},"43":{"moveName":"Leer","movePower":"0","moveType":"Normal","movePP":"30","moveEffect":"Lowers the target's Defense by one stage."},"44":{"moveName":"Bite","movePower":"60","moveType":"Dark","movePP":"25","moveEffect":"Has a 30% chance to make the target flinch."},"45":{"moveName":"Growl","movePower":"0","moveType":"Normal","movePP":"40","moveEffect":"Lowers the target's Attack by one stage."},"46":{"moveName":"Roar","movePower":"0","moveType":"Normal","movePP":"20","moveEffect":"Immediately ends wild battles.  Forces trainers to switch Pokémon."},"47":{"moveName":"Sing","movePower":"0","moveType":"Normal","movePP":"15","moveEffect":"Puts the target to sleep."},"48":{"moveName":"Supersonic","movePower":"0","moveType":"Normal","movePP":"20","moveEffect":"Confuses the target."},"49":{"moveName":"Sonic Boom","movePower":"0","moveType":"Normal","movePP":"20","moveEffect":"Inflicts 20 points of damage."},"50":{"moveName":"Disable","movePower":"0","moveType":"Normal","movePP":"20","moveEffect":"Disables the target's last used move for 1-8 turns."},"51":{"moveName":"Acid","movePower":"40","moveType":"Poison","movePP":"30","moveEffect":"Has a 10% chance to lower the target's Special Defense by one stage."},"52":{"moveName":"Ember","movePower":"40","moveType":"Fire","movePP":"25","moveEffect":"Has a 10% chance to Burn the target."},"53":{"moveName":"Flamethrower","movePower":"90","moveType":"Fire","movePP":"15","moveEffect":"Has a 10% chance to Burn the target."},"54":{"moveName":"Mist","movePower":"0","moveType":"Ice","movePP":"30","moveEffect":"Protects the user's stats from being changed by enemy moves."},"55":{"moveName":"Water Gun","movePower":"40","moveType":"Water","movePP":"25","moveEffect":"Inflicts regular damage with no additional effect."},"56":{"moveName":"Hydro Pump","movePower":"110","moveType":"Water","movePP":"5","moveEffect":"Inflicts regular damage with no additional effect."},"57":{"moveName":"Surf","movePower":"90","moveType":"Water","movePP":"15","moveEffect":"Inflicts regular damage and can hit Dive users."},"58":{"moveName":"Ice Beam","movePower":"90","moveType":"Ice","movePP":"10","moveEffect":"Has a 10% chance to Freeze the target."},"59":{"moveName":"Blizzard","movePower":"110","moveType":"Ice","movePP":"5","moveEffect":"Has a 10% chance to freeze the target."},"60":{"moveName":"Psybeam","movePower":"65","moveType":"Psychic","movePP":"20","moveEffect":"Has a 10% chance to confuse the target."},"61":{"moveName":"Bubble Beam","movePower":"65","moveType":"Water","movePP":"20","moveEffect":"Has a 10% chance to lower the target's Speed by one stage."},"62":{"moveName":"Aurora Beam","movePower":"65","moveType":"Ice","movePP":"20","moveEffect":"Has a 10% chance to lower the target's Attack by one stage."},"63":{"moveName":"Hyper Beam","movePower":"150","moveType":"Normal","movePP":"5","moveEffect":"User foregoes its next turn to recharge."},"64":{"moveName":"Peck","movePower":"35","moveType":"Flying","movePP":"35","moveEffect":"Inflicts regular damage with no additional effect."},"65":{"moveName":"Drill Peck","movePower":"80","moveType":"Flying","movePP":"20","moveEffect":"Inflicts regular damage with no additional effect."},"66":{"moveName":"Submission","movePower":"80","moveType":"Fighting","movePP":"20","moveEffect":"User receives 1/4 the damage it inflicts in recoil."},"67":{"moveName":"Low Kick","movePower":"0","moveType":"Fighting","movePP":"20","moveEffect":"Inflicts more damage to heavier targets, with a maximum of 120 power."},"68":{"moveName":"Counter","movePower":"0","moveType":"Fighting","movePP":"20","moveEffect":"Inflicts twice the damage the user received from the last physical hit it took."},"69":{"moveName":"Seismic Toss","movePower":"0","moveType":"Fighting","movePP":"20","moveEffect":"Inflicts damage equal to the user's level."},"70":{"moveName":"Strength","movePower":"80","moveType":"Normal","movePP":"15","moveEffect":"Inflicts regular damage with no additional effect."},"71":{"moveName":"Absorb","movePower":"20","moveType":"Grass","movePP":"25","moveEffect":"Drains half the damage inflicted to heal the user."},"72":{"moveName":"Mega Drain","movePower":"40","moveType":"Grass","movePP":"15","moveEffect":"Drains half the damage inflicted to heal the user."},"73":{"moveName":"Leech Seed","movePower":"0","moveType":"Grass","movePP":"10","moveEffect":"Seeds the target, stealing HP from it every turn."},"74":{"moveName":"Growth","movePower":"0","moveType":"Normal","movePP":"20","moveEffect":"Raises the user's Attack and Special Attack by one stage."},"75":{"moveName":"Razor Leaf","movePower":"55","moveType":"Grass","movePP":"25","moveEffect":"Has an increased chance for a critical hit."},"76":{"moveName":"Solar Beam","movePower":"120","moveType":"Grass","movePP":"10","moveEffect":"Requires a turn to charge before attacking."},"77":{"moveName":"Poison Powder","movePower":"0","moveType":"Poison","movePP":"35","moveEffect":"Poisons the target."},"78":{"moveName":"Stun Spore","movePower":"0","moveType":"Grass","movePP":"30","moveEffect":"Paralyzes the target."},"79":{"moveName":"Sleep Powder","movePower":"0","moveType":"Grass","movePP":"15","moveEffect":"Puts the target to sleep."},"80":{"moveName":"Petal Dance","movePower":"120","moveType":"Grass","movePP":"10","moveEffect":"Hits every turn for 2-3 turns, then confuses the user."},"81":{"moveName":"String Shot","movePower":"0","moveType":"Bug","movePP":"40","moveEffect":"Lowers the target's Speed by one stage."},"82":{"moveName":"Dragon Rage","movePower":"0","moveType":"Dragon","movePP":"10","moveEffect":"Inflicts 40 points of damage."},"83":{"moveName":"Fire Spin","movePower":"35","moveType":"Fire","movePP":"15","moveEffect":"Prevents the target from fleeing and inflicts damage for 2-5 turns."},"84":{"moveName":"Thunder Shock","movePower":"40","moveType":"Electric","movePP":"30","moveEffect":"Has a 10% chance to Paralysis the target."},"85":{"moveName":"Thunderbolt","movePower":"90","moveType":"Electric","movePP":"15","moveEffect":"Has a 10% chance to Paralysis the target."},"86":{"moveName":"Thunder Wave","movePower":"0","moveType":"Electric","movePP":"20","moveEffect":"Paralyzes the target."},"87":{"moveName":"Thunder","movePower":"110","moveType":"Electric","movePP":"10","moveEffect":"Has a 30% chance to paralyze the target."},"88":{"moveName":"Rock Throw","movePower":"50","moveType":"Rock","movePP":"15","moveEffect":"Inflicts regular damage with no additional effect."},"89":{"moveName":"Earthquake","movePower":"100","moveType":"Ground","movePP":"10","moveEffect":"Inflicts regular damage and can hit Dig users."},"90":{"moveName":"Fissure","movePower":"0","moveType":"Ground","movePP":"5","moveEffect":"Causes a one-hit KO."},"91":{"moveName":"Dig","movePower":"80","moveType":"Ground","movePP":"10","moveEffect":"User digs underground, dodging all attacks, and hits next turn."},"92":{"moveName":"Toxic","movePower":"0","moveType":"Poison","movePP":"10","moveEffect":"Badly poisons the target, inflicting more damage every turn."},"93":{"moveName":"Confusion","movePower":"50","moveType":"Psychic","movePP":"25","moveEffect":"Has a 10% chance to confuse the target."},"94":{"moveName":"Psychic","movePower":"90","moveType":"Psychic","movePP":"10","moveEffect":"Has a 10% chance to lower the target's Special Defense by one stage."},"95":{"moveName":"Hypnosis","movePower":"0","moveType":"Psychic","movePP":"20","moveEffect":"Puts the target to sleep."},"96":{"moveName":"Meditate","movePower":"0","moveType":"Psychic","movePP":"40","moveEffect":"Raises the user's Attack by one stage."},"97":{"moveName":"Agility","movePower":"0","moveType":"Psychic","movePP":"30","moveEffect":"Raises the user's Speed by two stages."},"98":{"moveName":"Quick Attack","movePower":"40","moveType":"Normal","movePP":"30","moveEffect":"Inflicts regular damage with no additional effect."},"99":{"moveName":"Rage","movePower":"20","moveType":"Normal","movePP":"20","moveEffect":"If the user is hit after using this move, its Attack rises by one stage."},"100":{"moveName":"Teleport","movePower":"0","moveType":"Psychic","movePP":"20","moveEffect":"Immediately ends wild battles.  No effect otherwise."},"101":{"moveName":"Night Shade","movePower":"0","moveType":"Ghost","movePP":"15","moveEffect":"Inflicts damage equal to the user's level."},"102":{"moveName":"Mimic","movePower":"0","moveType":"Normal","movePP":"10","moveEffect":"Copies the target's last used move."},"103":{"moveName":"Screech","movePower":"0","moveType":"Normal","movePP":"40","moveEffect":"Lowers the target's Defense by two stages."},"104":{"moveName":"Double Team","movePower":"0","moveType":"Normal","movePP":"15","moveEffect":"Raises the user's evasion by one stage."},"105":{"moveName":"Recover","movePower":"0","moveType":"Normal","movePP":"10","moveEffect":"Heals the user by half its max HP."},"106":{"moveName":"Harden","movePower":"0","moveType":"Normal","movePP":"30","moveEffect":"Raises the user's Defense by one stage."},"107":{"moveName":"Minimize","movePower":"0","moveType":"Normal","movePP":"10","moveEffect":"Raises the user's evasion by two stages."},"108":{"moveName":"Smokescreen","movePower":"0","moveType":"Normal","movePP":"20","moveEffect":"Lowers the target's accuracy by one stage."},"109":{"moveName":"Confuse Ray","movePower":"0","moveType":"Ghost","movePP":"10","moveEffect":"Confuses the target."},"110":{"moveName":"Withdraw","movePower":"0","moveType":"Water","movePP":"40","moveEffect":"Raises the user's Defense by one stage."},"111":{"moveName":"Defense Curl","movePower":"0","moveType":"Normal","movePP":"40","moveEffect":"Raises user's Defense by one stage."},"112":{"moveName":"Barrier","movePower":"0","moveType":"Psychic","movePP":"20","moveEffect":"Raises the user's Defense by two stages."},"113":{"moveName":"Light Screen","movePower":"0","moveType":"Psychic","movePP":"30","moveEffect":"Reduces damage from special attacks by 50% for five turns."},"114":{"moveName":"Haze","movePower":"0","moveType":"Ice","movePP":"30","moveEffect":"Resets all Pokémon's stats, accuracy, and evasion."},"115":{"moveName":"Reflect","movePower":"0","moveType":"Psychic","movePP":"20","moveEffect":"Reduces damage from physical attacks by half."},"116":{"moveName":"Focus Energy","movePower":"0","moveType":"Normal","movePP":"30","moveEffect":"Increases the user's chance to score a critical hit."},"117":{"moveName":"Bide","movePower":"0","moveType":"Normal","movePP":"10","moveEffect":"User waits for two turns, then hits back for twice the damage it took."},"118":{"moveName":"Metronome","movePower":"0","moveType":"Normal","movePP":"10","moveEffect":"Randomly selects and uses any move in the game."},"119":{"moveName":"Mirror Move","movePower":"0","moveType":"Flying","movePP":"20","moveEffect":"Uses the target's last used move."},"120":{"moveName":"Self Destruct","movePower":"200","moveType":"Normal","movePP":"5","moveEffect":"User faints."},"121":{"moveName":"Egg Bomb","movePower":"100","moveType":"Normal","movePP":"10","moveEffect":"Inflicts regular damage with no additional effect."},"122":{"moveName":"Lick","movePower":"30","moveType":"Ghost","movePP":"30","moveEffect":"Has a 30% chance to Paralysis the target."},"123":{"moveName":"Smog","movePower":"30","moveType":"Poison","movePP":"20","moveEffect":"Has a 40% chance to Poison the target."},"124":{"moveName":"Sludge","movePower":"65","moveType":"Poison","movePP":"20","moveEffect":"Has a 30% chance to Poison the target."},"125":{"moveName":"Bone Club","movePower":"65","moveType":"Ground","movePP":"20","moveEffect":"Has a 10% chance to make the target flinch."},"126":{"moveName":"Fire Blast","movePower":"110","moveType":"Fire","movePP":"5","moveEffect":"Has a 10% chance to Burn the target."},"127":{"moveName":"Waterfall","movePower":"80","moveType":"Water","movePP":"15","moveEffect":"Has a 20% chance to make the target flinch."},"128":{"moveName":"Clamp","movePower":"35","moveType":"Water","movePP":"15","moveEffect":"Prevents the target from fleeing and inflicts damage for 2-5 turns."},"129":{"moveName":"Swift","movePower":"60","moveType":"Normal","movePP":"20","moveEffect":"Never misses."},"130":{"moveName":"Skull Bash","movePower":"130","moveType":"Normal","movePP":"10","moveEffect":"Raises the user's Defense by one stage.  User charges for one turn before attacking."},"131":{"moveName":"Spike Cannon","movePower":"20","moveType":"Normal","movePP":"15","moveEffect":"Hits 2-5 times in one turn."},"132":{"moveName":"Constrict","movePower":"10","moveType":"Normal","movePP":"35","moveEffect":"Has a 10% chance to lower the target's Speed by one stage."},"133":{"moveName":"Amnesia","movePower":"0","moveType":"Psychic","movePP":"20","moveEffect":"Raises the user's Special Defense by two stages."},"134":{"moveName":"Kinesis","movePower":"0","moveType":"Psychic","movePP":"15","moveEffect":"Lowers the target's accuracy by one stage."},"135":{"moveName":"Soft Boiled","movePower":"0","moveType":"Normal","movePP":"10","moveEffect":"Heals the user by half its max HP."},"136":{"moveName":"High Jump Kick","movePower":"130","moveType":"Fighting","movePP":"10","moveEffect":"If the user misses, it takes half the damage it would have inflicted in recoil."},"137":{"moveName":"Glare","movePower":"0","moveType":"Normal","movePP":"30","moveEffect":"Paralyzes the target."},"138":{"moveName":"Dream Eater","movePower":"100","moveType":"Psychic","movePP":"15","moveEffect":"Only works on sleeping Pokémon.  Drains half the damage inflicted to heal the user."},"139":{"moveName":"Poison Gas","movePower":"0","moveType":"Poison","movePP":"40","moveEffect":"Poisons the target."},"140":{"moveName":"Barrage","movePower":"15","moveType":"Normal","movePP":"20","moveEffect":"Hits 2-5 times in one turn."},"141":{"moveName":"Leech Life","movePower":"20","moveType":"Bug","movePP":"15","moveEffect":"Drains half the damage inflicted to heal the user."},"142":{"moveName":"Lovely Kiss","movePower":"0","moveType":"Normal","movePP":"10","moveEffect":"Puts the target to sleep."},"143":{"moveName":"Sky Attack","movePower":"140","moveType":"Flying","movePP":"5","moveEffect":"User charges for one turn before attacking.  Has a 30% chance to make the target flinch."},"144":{"moveName":"Transform","movePower":"0","moveType":"Normal","movePP":"10","moveEffect":"User becomes a copy of the target until it leaves battle."},"145":{"moveName":"Bubble","movePower":"40","moveType":"Water","movePP":"30","moveEffect":"Has a 10% chance to lower the target's Speed by one stage."},"146":{"moveName":"Dizzy Punch","movePower":"70","moveType":"Normal","movePP":"10","moveEffect":"Has a 20% chance to confuse the target."},"147":{"moveName":"Spore","movePower":"0","moveType":"Grass","movePP":"15","moveEffect":"Puts the target to sleep."},"148":{"moveName":"Flash","movePower":"0","moveType":"Normal","movePP":"20","moveEffect":"Lowers the target's accuracy by one stage."},"149":{"moveName":"Psywave","movePower":"0","moveType":"Psychic","movePP":"15","moveEffect":"Inflicts damage between 50% and 150% of the user's level."},"150":{"moveName":"Splash","movePower":"0","moveType":"Normal","movePP":"40","moveEffect":"Does nothing."},"151":{"moveName":"Acid Armor","movePower":"0","moveType":"Poison","movePP":"20","moveEffect":"Raises the user's Defense by two stages."},"152":{"moveName":"Crabhammer","movePower":"100","moveType":"Water","movePP":"10","moveEffect":"Has an increased chance for a critical hit."},"153":{"moveName":"Explosion","movePower":"250","moveType":"Normal","movePP":"5","moveEffect":"User faints."},"154":{"moveName":"Fury Swipes","movePower":"18","moveType":"Normal","movePP":"15","moveEffect":"Hits 2-5 times in one turn."},"155":{"moveName":"Bonemerang","movePower":"50","moveType":"Ground","movePP":"10","moveEffect":"Hits twice in one turn."},"156":{"moveName":"Rest","movePower":"0","moveType":"Psychic","movePP":"10","moveEffect":"User sleeps for two turns, completely healing itself."},"157":{"moveName":"Rock Slide","movePower":"75","moveType":"Rock","movePP":"10","moveEffect":"Has a 30% chance to make the target flinch."},"158":{"moveName":"Hyper Fang","movePower":"80","moveType":"Normal","movePP":"15","moveEffect":"Has a 10% chance to make the target flinch."},"159":{"moveName":"Sharpen","movePower":"0","moveType":"Normal","movePP":"30","moveEffect":"Raises the user's Attack by one stage."},"160":{"moveName":"Conversion","movePower":"0","moveType":"Normal","movePP":"30","moveEffect":"User's type changes to the type of one of its moves at random."},"161":{"moveName":"Tri Attack","movePower":"80","moveType":"Normal","movePP":"10","moveEffect":"Has a 20% chance to Burn, Freeze, or Paralysis the target."},"162":{"moveName":"Super Fang","movePower":"0","moveType":"Normal","movePP":"10","moveEffect":"Inflicts damage equal to half the target's HP."},"163":{"moveName":"Slash","movePower":"70","moveType":"Normal","movePP":"20","moveEffect":"Has an increased chance for a critical hit."},"164":{"moveName":"Substitute","movePower":"0","moveType":"Normal","movePP":"10","moveEffect":"Transfers 1/4 of the user's max HP into a doll, protecting the user from further damage or status changes until it breaks."},"165":{"moveName":"Struggle","movePower":"50","moveType":"Normal","movePP":"0","moveEffect":"User takes 1/4 its max HP in recoil."},"166":{"moveName":"Sketch","movePower":"0","moveType":"Normal","movePP":"1","moveEffect":"Permanently becomes the target's last used move."},"167":{"moveName":"Triple Kick","movePower":"10","moveType":"Fighting","movePP":"10","moveEffect":"Hits three times, increasing power by 100% with each successful hit."},"168":{"moveName":"Thief","movePower":"60","moveType":"Dark","movePP":"25","moveEffect":"Takes the target's item."},"169":{"moveName":"Spider Web","movePower":"0","moveType":"Bug","movePP":"10","moveEffect":"Prevents the target from leaving battle."},"170":{"moveName":"Mind Reader","movePower":"0","moveType":"Normal","movePP":"5","moveEffect":"Ensures that the user's next move will hit the target."},"171":{"moveName":"Nightmare","movePower":"0","moveType":"Ghost","movePP":"15","moveEffect":"Target loses 1/4 its max HP every turn as long as it's asleep."},"172":{"moveName":"Flame Wheel","movePower":"60","moveType":"Fire","movePP":"25","moveEffect":"Has a 10% chance to Burn the target.  Lets frozen Pokémon thaw themselves."},"173":{"moveName":"Snore","movePower":"50","moveType":"Normal","movePP":"15","moveEffect":"Has a 30% chance to make the target flinch.  Only works if the user is sleeping."},"174":{"moveName":"Curse","movePower":"0","moveType":"Ghost","movePP":"10","moveEffect":"Ghosts pay half their max HP to hurt the target every turn.  Others decrease Speed but raise Attack and Defense."},"175":{"moveName":"Flail","movePower":"0","moveType":"Normal","movePP":"15","moveEffect":"Inflicts more damage when the user has less HP remaining, with a maximum of 200 power."},"176":{"moveName":"Conversion 2","movePower":"0","moveType":"Normal","movePP":"30","moveEffect":"Changes the user's type to a random type either resistant or immune to the last move used against it."},"177":{"moveName":"Aeroblast","movePower":"100","moveType":"Flying","movePP":"5","moveEffect":"Has an increased chance for a critical hit."},"178":{"moveName":"Cotton Spore","movePower":"0","moveType":"Grass","movePP":"40","moveEffect":"Lowers the target's Speed by two stages."},"179":{"moveName":"Reversal","movePower":"0","moveType":"Fighting","movePP":"15","moveEffect":"Inflicts more damage when the user has less HP remaining, with a maximum of 200 power."},"180":{"moveName":"Spite","movePower":"0","moveType":"Ghost","movePP":"10","moveEffect":"Lowers the PP of the target's last used move by 4."},"181":{"moveName":"Powder Snow","movePower":"40","moveType":"Ice","movePP":"25","moveEffect":"Has a 10% chance to Freeze the target."},"182":{"moveName":"Protect","movePower":"0","moveType":"Normal","movePP":"10","moveEffect":"Prevents any moves from hitting the user this turn."},"183":{"moveName":"Mach Punch","movePower":"40","moveType":"Fighting","movePP":"30","moveEffect":"Inflicts regular damage with no additional effect."},"184":{"moveName":"Scary Face","movePower":"0","moveType":"Normal","movePP":"10","moveEffect":"Lowers the target's Speed by two stages."},"185":{"moveName":"Feint Attack","movePower":"60","moveType":"Dark","movePP":"20","moveEffect":"Never misses."},"186":{"moveName":"Sweet Kiss","movePower":"0","moveType":"Fairy","movePP":"10","moveEffect":"Confuses the target."},"187":{"moveName":"Belly Drum","movePower":"0","moveType":"Normal","movePP":"10","moveEffect":"User pays half its max HP to max out its Attack."},"188":{"moveName":"Sludge Bomb","movePower":"90","moveType":"Poison","movePP":"10","moveEffect":"Has a 30% chance to Poison the target."},"189":{"moveName":"Mud Slap","movePower":"20","moveType":"Ground","movePP":"10","moveEffect":"Has a 100% chance to lower the target's accuracy by one stage."},"190":{"moveName":"Octazooka","movePower":"65","moveType":"Water","movePP":"10","moveEffect":"Has a 50% chance to lower the target's accuracy by one stage."},"191":{"moveName":"Spikes","movePower":"0","moveType":"Ground","movePP":"20","moveEffect":"Scatters Spikes, hurting opposing Pokémon that switch in."},"192":{"moveName":"Zap Cannon","movePower":"120","moveType":"Electric","movePP":"5","moveEffect":"Has a 100% chance to Paralysis the target."},"193":{"moveName":"Foresight","movePower":"0","moveType":"Normal","movePP":"40","moveEffect":"Forces the target to have no Evade, and allows it to be hit by Normal and Fighting moves even if it's a Ghost."},"194":{"moveName":"Destiny Bond","movePower":"0","moveType":"Ghost","movePP":"5","moveEffect":"If the user faints this turn, the target automatically will, too."},"195":{"moveName":"Perish Song","movePower":"0","moveType":"Normal","movePP":"5","moveEffect":"User and target both faint after three turns."},"196":{"moveName":"Icy Wind","movePower":"55","moveType":"Ice","movePP":"15","moveEffect":"Has a 100% chance to lower the target's Speed by one stage."},"197":{"moveName":"Detect","movePower":"0","moveType":"Fighting","movePP":"5","moveEffect":"Prevents any moves from hitting the user this turn."},"198":{"moveName":"Bone Rush","movePower":"25","moveType":"Ground","movePP":"10","moveEffect":"Hits 2-5 times in one turn."},"199":{"moveName":"Lock On","movePower":"0","moveType":"Normal","movePP":"5","moveEffect":"Ensures that the user's next move will hit the target."},"200":{"moveName":"Outrage","movePower":"120","moveType":"Dragon","movePP":"10","moveEffect":"Hits every turn for 2-3 turns, then confuses the user."},"201":{"moveName":"Sandstorm","movePower":"0","moveType":"Rock","movePP":"10","moveEffect":"Changes the weather to a sandstorm for five turns."},"202":{"moveName":"Giga Drain","movePower":"75","moveType":"Grass","movePP":"10","moveEffect":"Drains half the damage inflicted to heal the user."},"203":{"moveName":"Endure","movePower":"0","moveType":"Normal","movePP":"10","moveEffect":"Prevents the user's HP from lowering below 1 this turn."},"204":{"moveName":"Charm","movePower":"0","moveType":"Fairy","movePP":"20","moveEffect":"Lowers the target's Attack by two stages."},"205":{"moveName":"Rollout","movePower":"30","moveType":"Rock","movePP":"20","moveEffect":"Power doubles every turn this move is used in succession after the first, resetting after five turns."},"206":{"moveName":"False Swipe","movePower":"40","moveType":"Normal","movePP":"40","moveEffect":"Cannot lower the target's HP below 1."},"207":{"moveName":"Swagger","movePower":"0","moveType":"Normal","movePP":"15","moveEffect":"Raises the target's Attack by two stages and confuses the target."},"208":{"moveName":"Milk Drink","movePower":"0","moveType":"Normal","movePP":"10","moveEffect":"Heals the user by half its max HP."},"209":{"moveName":"Spark","movePower":"65","moveType":"Electric","movePP":"20","moveEffect":"Has a 30% chance to Paralysis the target."},"210":{"moveName":"Fury Cutter","movePower":"40","moveType":"Bug","movePP":"20","moveEffect":"Power doubles every turn this move is used in succession after the first, maxing out after five turns."},"211":{"moveName":"Steel Wing","movePower":"70","moveType":"Steel","movePP":"25","moveEffect":"Has a 10% chance to raise the user's Defense by one stage."},"212":{"moveName":"Mean Look","movePower":"0","moveType":"Normal","movePP":"5","moveEffect":"Prevents the target from leaving battle."},"213":{"moveName":"Attract","movePower":"0","moveType":"Normal","movePP":"15","moveEffect":"Target falls in love if it has the opposite gender, and has a 50% chance to refuse attacking the user."},"214":{"moveName":"Sleep Talk","movePower":"0","moveType":"Normal","movePP":"10","moveEffect":"Randomly uses one of the user's other three moves.  Only works if the user is sleeping."},"215":{"moveName":"Heal Bell","movePower":"0","moveType":"Normal","movePP":"5","moveEffect":"Cures the entire party of major status effects."},"216":{"moveName":"Return","movePower":"0","moveType":"Normal","movePP":"20","moveEffect":"Power increases with happiness, up to a maximum of 102."},"217":{"moveName":"Present","movePower":"0","moveType":"Normal","movePP":"15","moveEffect":"Randomly inflicts damage with power from 40 to 120 or heals the target for 1/4 its max HP."},"218":{"moveName":"Frustration","movePower":"0","moveType":"Normal","movePP":"20","moveEffect":"Power increases as happiness decreases, up to a maximum of 102."},"219":{"moveName":"Safeguard","movePower":"0","moveType":"Normal","movePP":"25","moveEffect":"Protects the user's field from major status ailments and confusion for five turns."},"220":{"moveName":"Pain Split","movePower":"0","moveType":"Normal","movePP":"20","moveEffect":"Sets the user's and targets's HP to the average of their current HP."},"221":{"moveName":"Sacred Fire","movePower":"100","moveType":"Fire","movePP":"5","moveEffect":"Has a 50% chance to Burn the target.  Lets frozen Pokémon thaw themselves."},"222":{"moveName":"Magnitude","movePower":"0","moveType":"Ground","movePP":"30","moveEffect":"Power varies randomly from 10 to 150."},"223":{"moveName":"Dynamic Punch","movePower":"100","moveType":"Fighting","movePP":"5","moveEffect":"Has a 100% chance to confuse the target."},"224":{"moveName":"Megahorn","movePower":"120","moveType":"Bug","movePP":"10","moveEffect":"Inflicts regular damage with no additional effect."},"225":{"moveName":"Dragon Breath","movePower":"60","moveType":"Dragon","movePP":"20","moveEffect":"Has a 30% chance to Paralysis the target."},"226":{"moveName":"Baton Pass","movePower":"0","moveType":"Normal","movePP":"40","moveEffect":"Allows the trainer to switch out the user and pass effects along to its replacement."},"227":{"moveName":"Encore","movePower":"0","moveType":"Normal","movePP":"5","moveEffect":"Forces the target to repeat its last used move every turn for 2 to 6 turns."},"228":{"moveName":"Pursuit","movePower":"40","moveType":"Dark","movePP":"20","moveEffect":"Has double power against, and can hit, Pokémon attempting to switch out."},"229":{"moveName":"Rapid Spin","movePower":"20","moveType":"Normal","movePP":"40","moveEffect":"Frees the user from binding moves, removes Leech Seed, and blows away Spikes."},"230":{"moveName":"Sweet Scent","movePower":"0","moveType":"Normal","movePP":"20","moveEffect":"Lowers the target's evasion by one stage."},"231":{"moveName":"Iron Tail","movePower":"100","moveType":"Steel","movePP":"15","moveEffect":"Has a 30% chance to lower the target's Defense by one stage."},"232":{"moveName":"Metal Claw","movePower":"50","moveType":"Steel","movePP":"35","moveEffect":"Has a 10% chance to raise the user's Attack by one stage."},"233":{"moveName":"Vital Throw","movePower":"70","moveType":"Fighting","movePP":"10","moveEffect":"Never misses."},"234":{"moveName":"Morning Sun","movePower":"0","moveType":"Normal","movePP":"5","moveEffect":"Heals the user by half its max HP.  Affected by weather."},"235":{"moveName":"Synthesis","movePower":"0","moveType":"Grass","movePP":"5","moveEffect":"Heals the user by half its max HP.  Affected by weather."},"236":{"moveName":"Moonlight","movePower":"0","moveType":"Fairy","movePP":"5","moveEffect":"Heals the user by half its max HP.  Affected by weather."},"237":{"moveName":"Hidden Power","movePower":"60","moveType":"Normal","movePP":"15","moveEffect":"Power and type depend upon user's IVs.  Power can range from 30 to 70."},"238":{"moveName":"Cross Chop","movePower":"100","moveType":"Fighting","movePP":"5","moveEffect":"Has an increased chance for a critical hit."},"239":{"moveName":"Twister","movePower":"40","moveType":"Dragon","movePP":"20","moveEffect":"Has a 20% chance to make the target flinch."},"240":{"moveName":"Rain Dance","movePower":"0","moveType":"Water","movePP":"5","moveEffect":"Changes the weather to rain for five turns."},"241":{"moveName":"Sunny Day","movePower":"0","moveType":"Fire","movePP":"5","moveEffect":"Changes the weather to sunny for five turns."},"242":{"moveName":"Crunch","movePower":"80","moveType":"Dark","movePP":"15","moveEffect":"Has a 20% chance to lower the target's Defense by one stage."},"243":{"moveName":"Mirror Coat","movePower":"0","moveType":"Psychic","movePP":"20","moveEffect":"Inflicts twice the damage the user received from the last special hit it took."},"244":{"moveName":"Psych Up","movePower":"0","moveType":"Normal","movePP":"10","moveEffect":"Discards the user's stat changes and copies the target's."},"245":{"moveName":"Extreme Speed","movePower":"80","moveType":"Normal","movePP":"5","moveEffect":"Inflicts regular damage with no additional effect."},"246":{"moveName":"Ancient Power","movePower":"60","moveType":"Rock","movePP":"5","moveEffect":"Has a 10% chance to raise all of the user's stats by one stage."},"247":{"moveName":"Shadow Ball","movePower":"80","moveType":"Ghost","movePP":"15","moveEffect":"Has a 20% chance to lower the target's Special Defense by one stage."},"248":{"moveName":"Future Sight","movePower":"120","moveType":"Psychic","movePP":"10","moveEffect":"Hits the target two turns later."},"249":{"moveName":"Rock Smash","movePower":"40","moveType":"Fighting","movePP":"15","moveEffect":"Has a 50% chance to lower the target's Defense by one stage."},"250":{"moveName":"Whirlpool","movePower":"35","moveType":"Water","movePP":"15","moveEffect":"Prevents the target from leaving battle and inflicts 1/16 its max HP in damage for 2-5 turns."},"251":{"moveName":"Beat Up","movePower":"0","moveType":"Dark","movePP":"10","moveEffect":"Hits once for every conscious Pokémon the trainer has."},"252":{"moveName":"Fake Out","movePower":"40","moveType":"Normal","movePP":"10","moveEffect":"Can only be used as the first move after the user enters battle.  Causes the target to flinch."},"253":{"moveName":"Uproar","movePower":"90","moveType":"Normal","movePP":"10","moveEffect":"Forced to use this move for several turns.  Pokémon cannot fall asleep in that time."},"254":{"moveName":"Stockpile","movePower":"0","moveType":"Normal","movePP":"20","moveEffect":"Stores energy up to three times for use with Spit Up and Swallow."},"255":{"moveName":"Spit Up","movePower":"0","moveType":"Normal","movePP":"10","moveEffect":"Power is 100 times the amount of energy Stockpiled."},"256":{"moveName":"Swallow","movePower":"0","moveType":"Normal","movePP":"10","moveEffect":"Recovers 1/4 HP after one Stockpile, 1/2 HP after two Stockpiles, or full HP after three Stockpiles."},"257":{"moveName":"Heat Wave","movePower":"95","moveType":"Fire","movePP":"10","moveEffect":"Has a 10% chance to Burn the target."},"258":{"moveName":"Hail","movePower":"0","moveType":"Ice","movePP":"10","moveEffect":"Changes the weather to a hailstorm for five turns."},"259":{"moveName":"Torment","movePower":"0","moveType":"Dark","movePP":"15","moveEffect":"Prevents the target from using the same move twice in a row."},"260":{"moveName":"Flatter","movePower":"0","moveType":"Dark","movePP":"15","moveEffect":"Raises the target's Special Attack by one stage and confuses the target."},"261":{"moveName":"Will O Wisp","movePower":"0","moveType":"Fire","movePP":"15","moveEffect":"Burns the target."},"262":{"moveName":"Memento","movePower":"0","moveType":"Dark","movePP":"10","moveEffect":"Lowers the target's Attack and Special Attack by two stages.  User faints."},"263":{"moveName":"Facade","movePower":"70","moveType":"Normal","movePP":"20","moveEffect":"Power doubles if user is burned, paralyzed, or poisoned."},"264":{"moveName":"Focus Punch","movePower":"150","moveType":"Fighting","movePP":"20","moveEffect":"If the user takes damage before attacking, the attack is canceled."},"265":{"moveName":"Smelling Salts","movePower":"70","moveType":"Normal","movePP":"10","moveEffect":"If the target is paralyzed, inflicts double damage and cures the paralysis."},"266":{"moveName":"Follow Me","movePower":"0","moveType":"Normal","movePP":"20","moveEffect":"Redirects the target's single-target effects to the user for this turn."},"267":{"moveName":"Nature Power","movePower":"0","moveType":"Normal","movePP":"20","moveEffect":"Uses a move which depends upon the terrain."},"268":{"moveName":"Charge","movePower":"0","moveType":"Electric","movePP":"20","moveEffect":"Raises the user's Special Defense by one stage.  User's Electric moves have doubled power next turn."},"269":{"moveName":"Taunt","movePower":"0","moveType":"Dark","movePP":"20","moveEffect":"For the next few turns, the target can only use damaging moves."},"270":{"moveName":"Helping Hand","movePower":"0","moveType":"Normal","movePP":"20","moveEffect":"Ally's next move inflicts half more damage."},"271":{"moveName":"Trick","movePower":"0","moveType":"Psychic","movePP":"10","moveEffect":"User and target swap items."},"272":{"moveName":"Role Play","movePower":"0","moveType":"Psychic","movePP":"10","moveEffect":"Copies the target's ability."},"273":{"moveName":"Wish","movePower":"0","moveType":"Normal","movePP":"10","moveEffect":"User will recover half its max HP at the end of the next turn."},"274":{"moveName":"Assist","movePower":"0","moveType":"Normal","movePP":"20","moveEffect":"Randomly selects and uses one of the trainer's other Pokémon's moves."},"275":{"moveName":"Ingrain","movePower":"0","moveType":"Grass","movePP":"20","moveEffect":"Prevents the user from leaving battle.  User regains 1/16 of its max HP every turn."},"276":{"moveName":"Superpower","movePower":"120","moveType":"Fighting","movePP":"5","moveEffect":"Lowers the user's Attack and Defense by one stage after inflicting damage."},"277":{"moveName":"Magic Coat","movePower":"0","moveType":"Psychic","movePP":"15","moveEffect":"Reflects back the first effect move used on the user this turn."},"278":{"moveName":"Recycle","movePower":"0","moveType":"Normal","movePP":"10","moveEffect":"User recovers the item it last used up."},"279":{"moveName":"Revenge","movePower":"60","moveType":"Fighting","movePP":"10","moveEffect":"Inflicts double damage if the user takes damage before attacking this turn."},"280":{"moveName":"Brick Break","movePower":"75","moveType":"Fighting","movePP":"15","moveEffect":"Destroys Reflect and Light Screen."},"281":{"moveName":"Yawn","movePower":"0","moveType":"Normal","movePP":"10","moveEffect":"Target sleeps at the end of the next turn."},"282":{"moveName":"Knock Off","movePower":"65","moveType":"Dark","movePP":"20","moveEffect":"Target drops its held item."},"283":{"moveName":"Endeavor","movePower":"0","moveType":"Normal","movePP":"5","moveEffect":"Lowers the target's HP to equal the user's."},"284":{"moveName":"Eruption","movePower":"150","moveType":"Fire","movePP":"5","moveEffect":"Inflicts more damage when the user has more HP remaining, with a maximum of 150 power."},"285":{"moveName":"Skill Swap","movePower":"0","moveType":"Psychic","movePP":"10","moveEffect":"User and target swap abilities."},"286":{"moveName":"Imprison","movePower":"0","moveType":"Psychic","movePP":"10","moveEffect":"Prevents the target from using any moves that the user also knows."},"287":{"moveName":"Refresh","movePower":"0","moveType":"Normal","movePP":"20","moveEffect":"Cleanses the user of a burn, paralysis, or poison."},"288":{"moveName":"Grudge","movePower":"0","moveType":"Ghost","movePP":"5","moveEffect":"If the user faints this turn, the PP of the move that fainted it drops to 0."},"289":{"moveName":"Snatch","movePower":"0","moveType":"Dark","movePP":"10","moveEffect":"Steals the target's move, if it's self-targeted."},"290":{"moveName":"Secret Power","movePower":"70","moveType":"Normal","movePP":"20","moveEffect":"Has a 30% chance to inflict a status effect which depends upon the terrain."},"291":{"moveName":"Dive","movePower":"80","moveType":"Water","movePP":"10","moveEffect":"User dives underwater, dodging all attacks, and hits next turn."},"292":{"moveName":"Arm Thrust","movePower":"15","moveType":"Fighting","movePP":"20","moveEffect":"Hits 2-5 times in one turn."},"293":{"moveName":"Camouflage","movePower":"0","moveType":"Normal","movePP":"20","moveEffect":"User's type changes to match the terrain."},"294":{"moveName":"Tail Glow","movePower":"0","moveType":"Bug","movePP":"20","moveEffect":"Raises the user's Special Attack by three stages."},"295":{"moveName":"Luster Purge","movePower":"70","moveType":"Psychic","movePP":"5","moveEffect":"Has a 50% chance to lower the target's Special Defense by one stage."},"296":{"moveName":"Mist Ball","movePower":"70","moveType":"Psychic","movePP":"5","moveEffect":"Has a 50% chance to lower the target's Special Attack by one stage."},"297":{"moveName":"Feather Dance","movePower":"0","moveType":"Flying","movePP":"15","moveEffect":"Lowers the target's Attack by two stages."},"298":{"moveName":"Teeter Dance","movePower":"0","moveType":"Normal","movePP":"20","moveEffect":"Confuses the target."},"299":{"moveName":"Blaze Kick","movePower":"85","moveType":"Fire","movePP":"10","moveEffect":"Has an increased chance for a critical hit and a 10% chance to Burn the target."},"300":{"moveName":"Mud Sport","movePower":"0","moveType":"Ground","movePP":"15","moveEffect":"Halves all Electric-type damage."},"301":{"moveName":"Ice Ball","movePower":"30","moveType":"Ice","movePP":"20","moveEffect":"Power doubles every turn this move is used in succession after the first, resetting after five turns."},"302":{"moveName":"Needle Arm","movePower":"60","moveType":"Grass","movePP":"15","moveEffect":"Has a 30% chance to make the target flinch."},"303":{"moveName":"Slack Off","movePower":"0","moveType":"Normal","movePP":"10","moveEffect":"Heals the user by half its max HP."},"304":{"moveName":"Hyper Voice","movePower":"90","moveType":"Normal","movePP":"10","moveEffect":"Inflicts regular damage with no additional effect."},"305":{"moveName":"Poison Fang","movePower":"50","moveType":"Poison","movePP":"15","moveEffect":"Has a 50% chance to badly poison the target."},"306":{"moveName":"Crush Claw","movePower":"75","moveType":"Normal","movePP":"10","moveEffect":"Has a 50% chance to lower the target's Defense by one stage."},"307":{"moveName":"Blast Burn","movePower":"150","moveType":"Fire","movePP":"5","moveEffect":"User foregoes its next turn to recharge."},"308":{"moveName":"Hydro Cannon","movePower":"150","moveType":"Water","movePP":"5","moveEffect":"User foregoes its next turn to recharge."},"309":{"moveName":"Meteor Mash","movePower":"90","moveType":"Steel","movePP":"10","moveEffect":"Has a 20% chance to raise the user's Attack by one stage."},"310":{"moveName":"Astonish","movePower":"30","moveType":"Ghost","movePP":"15","moveEffect":"Has a 30% chance to make the target flinch."},"311":{"moveName":"Weather Ball","movePower":"50","moveType":"Normal","movePP":"10","moveEffect":"If there be weather, this move has doubled power and the weather's type."},"312":{"moveName":"Aromatherapy","movePower":"0","moveType":"Grass","movePP":"5","moveEffect":"Cures the entire party of major status effects."},"313":{"moveName":"Fake Tears","movePower":"0","moveType":"Dark","movePP":"20","moveEffect":"Lowers the target's Special Defense by two stages."},"314":{"moveName":"Air Cutter","movePower":"60","moveType":"Flying","movePP":"25","moveEffect":"Has an increased chance for a critical hit."},"315":{"moveName":"Overheat","movePower":"130","moveType":"Fire","movePP":"5","moveEffect":"Lowers the user's Special Attack by two stages after inflicting damage."},"316":{"moveName":"Odor Sleuth","movePower":"0","moveType":"Normal","movePP":"40","moveEffect":"Forces the target to have no Evade, and allows it to be hit by Normal and Fighting moves even if it's a Ghost."},"317":{"moveName":"Rock Tomb","movePower":"60","moveType":"Rock","movePP":"15","moveEffect":"Has a 100% chance to lower the target's Speed by one stage."},"318":{"moveName":"Silver Wind","movePower":"60","moveType":"Bug","movePP":"5","moveEffect":"Has a 10% chance to raise all of the user's stats by one stage."},"319":{"moveName":"Metal Sound","movePower":"0","moveType":"Steel","movePP":"40","moveEffect":"Lowers the target's Special Defense by two stages."},"320":{"moveName":"Grass Whistle","movePower":"0","moveType":"Grass","movePP":"15","moveEffect":"Puts the target to sleep."},"321":{"moveName":"Tickle","movePower":"0","moveType":"Normal","movePP":"20","moveEffect":"Lowers the target's Attack and Defense by one stage."},"322":{"moveName":"Cosmic Power","movePower":"0","moveType":"Psychic","movePP":"20","moveEffect":"Raises the user's Defense and Special Defense by one stage."},"323":{"moveName":"Water Spout","movePower":"150","moveType":"Water","movePP":"5","moveEffect":"Inflicts more damage when the user has more HP remaining, with a maximum of 150 power."},"324":{"moveName":"Signal Beam","movePower":"75","moveType":"Bug","movePP":"15","moveEffect":"Has a 10% chance to confuse the target."},"325":{"moveName":"Shadow Punch","movePower":"60","moveType":"Ghost","movePP":"20","moveEffect":"Never misses."},"326":{"moveName":"Extrasensory","movePower":"80","moveType":"Psychic","movePP":"20","moveEffect":"Has a 10% chance to make the target flinch."},"327":{"moveName":"Sky Uppercut","movePower":"85","moveType":"Fighting","movePP":"15","moveEffect":"Inflicts regular damage and can hit Bounce and Fly users."},"328":{"moveName":"Sand Tomb","movePower":"35","moveType":"Ground","movePP":"15","moveEffect":"Prevents the target from fleeing and inflicts damage for 2-5 turns."},"329":{"moveName":"Sheer Cold","movePower":"0","moveType":"Ice","movePP":"5","moveEffect":"Causes a one-hit KO."},"330":{"moveName":"Muddy Water","movePower":"90","moveType":"Water","movePP":"10","moveEffect":"Has a 30% chance to lower the target's accuracy by one stage."},"331":{"moveName":"Bullet Seed","movePower":"25","moveType":"Grass","movePP":"30","moveEffect":"Hits 2-5 times in one turn."},"332":{"moveName":"Aerial Ace","movePower":"60","moveType":"Flying","movePP":"20","moveEffect":"Never misses."},"333":{"moveName":"Icicle Spear","movePower":"25","moveType":"Ice","movePP":"30","moveEffect":"Hits 2-5 times in one turn."},"334":{"moveName":"Iron Defense","movePower":"0","moveType":"Steel","movePP":"15","moveEffect":"Raises the user's Defense by two stages."},"335":{"moveName":"Block","movePower":"0","moveType":"Normal","movePP":"5","moveEffect":"Prevents the target from leaving battle."},"336":{"moveName":"Howl","movePower":"0","moveType":"Normal","movePP":"40","moveEffect":"Raises the user's Attack by one stage."},"337":{"moveName":"Dragon Claw","movePower":"80","moveType":"Dragon","movePP":"15","moveEffect":"Inflicts regular damage with no additional effect."},"338":{"moveName":"Frenzy Plant","movePower":"150","moveType":"Grass","movePP":"5","moveEffect":"User foregoes its next turn to recharge."},"339":{"moveName":"Bulk Up","movePower":"0","moveType":"Fighting","movePP":"20","moveEffect":"Raises the user's Attack and Defense by one stage."},"340":{"moveName":"Bounce","movePower":"85","moveType":"Flying","movePP":"5","moveEffect":"User bounces high into the air, dodging all attacks, and hits next turn."},"341":{"moveName":"Mud Shot","movePower":"55","moveType":"Ground","movePP":"15","moveEffect":"Has a 100% chance to lower the target's Speed by one stage."},"342":{"moveName":"Poison Tail","movePower":"50","moveType":"Poison","movePP":"25","moveEffect":"Has an increased chance for a critical hit and a 10% chance to poison the target."},"343":{"moveName":"Covet","movePower":"60","moveType":"Normal","movePP":"25","moveEffect":"Takes the target's item."},"344":{"moveName":"Volt Tackle","movePower":"120","moveType":"Electric","movePP":"15","moveEffect":"User takes 1/3 the damage inflicted in recoil.  Has a 10% chance to paralyze the target."},"345":{"moveName":"Magical Leaf","movePower":"60","moveType":"Grass","movePP":"20","moveEffect":"Never misses."},"346":{"moveName":"Water Sport","movePower":"0","moveType":"Water","movePP":"15","moveEffect":"Halves all Fire-type damage."},"347":{"moveName":"Calm Mind","movePower":"0","moveType":"Psychic","movePP":"20","moveEffect":"Raises the user's Special Attack and Special Defense by one stage."},"348":{"moveName":"Leaf Blade","movePower":"90","moveType":"Grass","movePP":"15","moveEffect":"Has an increased chance for a critical hit."},"349":{"moveName":"Dragon Dance","movePower":"0","moveType":"Dragon","movePP":"20","moveEffect":"Raises the user's Attack and Speed by one stage."},"350":{"moveName":"Rock Blast","movePower":"25","moveType":"Rock","movePP":"10","moveEffect":"Hits 2-5 times in one turn."},"351":{"moveName":"Shock Wave","movePower":"60","moveType":"Electric","movePP":"20","moveEffect":"Never misses."},"352":{"moveName":"Water Pulse","movePower":"60","moveType":"Water","movePP":"20","moveEffect":"Has a 20% chance to confuse the target."},"353":{"moveName":"Doom Desire","movePower":"140","moveType":"Steel","movePP":"5","moveEffect":"Hits the target two turns later."},"354":{"moveName":"Psycho Boost","movePower":"140","moveType":"Psychic","movePP":"5","moveEffect":"Lowers the user's Special Attack by two stages after inflicting damage."},"355":{"moveName":"Roost","movePower":"0","moveType":"Flying","movePP":"10","moveEffect":"Heals the user by half its max HP."},"356":{"moveName":"Gravity","movePower":"0","moveType":"Psychic","movePP":"5","moveEffect":"Disables moves and immunities that involve flying or levitating for five turns."},"357":{"moveName":"Miracle Eye","movePower":"0","moveType":"Psychic","movePP":"40","moveEffect":"Forces the target to have no evasion, and allows it to be hit by Psychic moves even if it's Dark."},"358":{"moveName":"Wake Up Slap","movePower":"70","moveType":"Fighting","movePP":"10","moveEffect":"If the target is asleep, has double power and wakes it up."},"359":{"moveName":"Hammer Arm","movePower":"100","moveType":"Fighting","movePP":"10","moveEffect":"Lowers user's Speed by one stage."},"360":{"moveName":"Gyro Ball","movePower":"0","moveType":"Steel","movePP":"5","moveEffect":"Power raises when the user has lower Speed, up to a maximum of 150."},"361":{"moveName":"Healing Wish","movePower":"0","moveType":"Psychic","movePP":"10","moveEffect":"User faints.  Its replacement has its HP fully restored and any major status effect removed."},"362":{"moveName":"Brine","movePower":"65","moveType":"Water","movePP":"10","moveEffect":"Has double power against Pokémon that have less than half their max HP remaining."},"363":{"moveName":"Natural Gift","movePower":"0","moveType":"Normal","movePP":"15","moveEffect":"Power and type depend on the held berry."},"364":{"moveName":"Feint","movePower":"30","moveType":"Normal","movePP":"10","moveEffect":"Hits through Protect and Detect."},"365":{"moveName":"Pluck","movePower":"60","moveType":"Flying","movePP":"20","moveEffect":"If target has a berry, inflicts double damage and uses the berry."},"366":{"moveName":"Tailwind","movePower":"0","moveType":"Flying","movePP":"15","moveEffect":"For three turns, friendly Pokémon have doubled Speed."},"367":{"moveName":"Acupressure","movePower":"0","moveType":"Normal","movePP":"30","moveEffect":"Raises one of a friendly Pokémon's stats at random by two stages."},"368":{"moveName":"Metal Burst","movePower":"0","moveType":"Steel","movePP":"10","moveEffect":"Strikes back at the last Pokémon to hit the user this turn with 1.5× the damage."},"369":{"moveName":"U Turn","movePower":"70","moveType":"Bug","movePP":"20","moveEffect":"User must switch out after attacking."},"370":{"moveName":"Close Combat","movePower":"120","moveType":"Fighting","movePP":"5","moveEffect":"Lowers the user's Defense and Special Defense by one stage after inflicting damage."},"371":{"moveName":"Payback","movePower":"50","moveType":"Dark","movePP":"10","moveEffect":"Power is doubled if the target has already moved this turn."},"372":{"moveName":"Assurance","movePower":"60","moveType":"Dark","movePP":"10","moveEffect":"Power is doubled if the target has already received damage this turn."},"373":{"moveName":"Embargo","movePower":"0","moveType":"Dark","movePP":"15","moveEffect":"Target cannot use held items."},"374":{"moveName":"Fling","movePower":"0","moveType":"Dark","movePP":"10","moveEffect":"Throws held item at the target; power depends on the item."},"375":{"moveName":"Psycho Shift","movePower":"0","moveType":"Psychic","movePP":"10","moveEffect":"Transfers the user's major status effect to the target."},"376":{"moveName":"Trump Card","movePower":"0","moveType":"Normal","movePP":"5","moveEffect":"Power increases when this move has less PP, up to a maximum of 200."},"377":{"moveName":"Heal Block","movePower":"0","moveType":"Psychic","movePP":"15","moveEffect":"Prevents target from restoring its HP for five turns."},"378":{"moveName":"Wring Out","movePower":"0","moveType":"Normal","movePP":"5","moveEffect":"Power increases against targets with more HP remaining, up to a maximum of 121 power."},"379":{"moveName":"Power Trick","movePower":"0","moveType":"Psychic","movePP":"10","moveEffect":"User swaps Attack and Defense."},"380":{"moveName":"Gastro Acid","movePower":"0","moveType":"Poison","movePP":"10","moveEffect":"Nullifies target's ability until it leaves battle."},"381":{"moveName":"Lucky Chant","movePower":"0","moveType":"Normal","movePP":"30","moveEffect":"Prevents the target from scoring critical hits for five turns."},"382":{"moveName":"Me First","movePower":"0","moveType":"Normal","movePP":"20","moveEffect":"Uses the target's move against it before it attacks, with power increased by half."},"383":{"moveName":"Copycat","movePower":"0","moveType":"Normal","movePP":"20","moveEffect":"Uses the target's last used move."},"384":{"moveName":"Power Swap","movePower":"0","moveType":"Psychic","movePP":"10","moveEffect":"User swaps Attack and Special Attack changes with the target."},"385":{"moveName":"Guard Swap","movePower":"0","moveType":"Psychic","movePP":"10","moveEffect":"User swaps Defense and Special Defense changes with the target."},"386":{"moveName":"Punishment","movePower":"0","moveType":"Dark","movePP":"5","moveEffect":"Power increases against targets with more raised stats, up to a maximum of 200."},"387":{"moveName":"Last Resort","movePower":"140","moveType":"Normal","movePP":"5","moveEffect":"Can only be used after all of the user's other moves have been used."},"388":{"moveName":"Worry Seed","movePower":"0","moveType":"Grass","movePP":"10","moveEffect":"Changes the target's ability to Insomnia."},"389":{"moveName":"Sucker Punch","movePower":"80","moveType":"Dark","movePP":"5","moveEffect":"Only works if the target is about to use a damaging move."},"390":{"moveName":"Toxic Spikes","movePower":"0","moveType":"Poison","movePP":"20","moveEffect":"Scatters poisoned spikes, poisoning opposing Pokémon that switch in."},"391":{"moveName":"Heart Swap","movePower":"0","moveType":"Psychic","movePP":"10","moveEffect":"User and target swap stat changes."},"392":{"moveName":"Aqua Ring","movePower":"0","moveType":"Water","movePP":"20","moveEffect":"Restores 1/16 of the user's max HP each turn."},"393":{"moveName":"Magnet Rise","movePower":"0","moveType":"Electric","movePP":"10","moveEffect":"User is immune to Ground moves and effects for five turns."},"394":{"moveName":"Flare Blitz","movePower":"120","moveType":"Fire","movePP":"15","moveEffect":"User takes 1/3 the damage inflicted in recoil.  Has a 10% chance to Burn the target."},"395":{"moveName":"Force Palm","movePower":"60","moveType":"Fighting","movePP":"10","moveEffect":"Has a 30% chance to Paralysis the target."},"396":{"moveName":"Aura Sphere","movePower":"80","moveType":"Fighting","movePP":"20","moveEffect":"Never misses."},"397":{"moveName":"Rock Polish","movePower":"0","moveType":"Rock","movePP":"20","moveEffect":"Raises the user's Speed by two stages."},"398":{"moveName":"Poison Jab","movePower":"80","moveType":"Poison","movePP":"20","moveEffect":"Has a 30% chance to Poison the target."},"399":{"moveName":"Dark Pulse","movePower":"80","moveType":"Dark","movePP":"15","moveEffect":"Has a 20% chance to make the target flinch."},"400":{"moveName":"Night Slash","movePower":"70","moveType":"Dark","movePP":"15","moveEffect":"Has an increased chance for a critical hit."},"401":{"moveName":"Aqua Tail","movePower":"90","moveType":"Water","movePP":"10","moveEffect":"Inflicts regular damage with no additional effect."},"402":{"moveName":"Seed Bomb","movePower":"80","moveType":"Grass","movePP":"15","moveEffect":"Inflicts regular damage with no additional effect."},"403":{"moveName":"Air Slash","movePower":"75","moveType":"Flying","movePP":"15","moveEffect":"Has a 30% chance to make the target flinch."},"404":{"moveName":"X Scissor","movePower":"80","moveType":"Bug","movePP":"15","moveEffect":"Inflicts regular damage with no additional effect."},"405":{"moveName":"Bug Buzz","movePower":"90","moveType":"Bug","movePP":"10","moveEffect":"Has a 10% chance to lower the target's Special Defense by one stage."},"406":{"moveName":"Dragon Pulse","movePower":"85","moveType":"Dragon","movePP":"10","moveEffect":"Inflicts regular damage with no additional effect."},"407":{"moveName":"Dragon Rush","movePower":"100","moveType":"Dragon","movePP":"10","moveEffect":"Has a 20% chance to make the target flinch."},"408":{"moveName":"Power Gem","movePower":"80","moveType":"Rock","movePP":"20","moveEffect":"Inflicts regular damage with no additional effect."},"409":{"moveName":"Drain Punch","movePower":"75","moveType":"Fighting","movePP":"10","moveEffect":"Drains half the damage inflicted to heal the user."},"410":{"moveName":"Vacuum Wave","movePower":"40","moveType":"Fighting","movePP":"30","moveEffect":"Inflicts regular damage with no additional effect."},"411":{"moveName":"Focus Blast","movePower":"120","moveType":"Fighting","movePP":"5","moveEffect":"Has a 10% chance to lower the target's Special Defense by one stage."},"412":{"moveName":"Energy Ball","movePower":"90","moveType":"Grass","movePP":"10","moveEffect":"Has a 10% chance to lower the target's Special Defense by one stage."},"413":{"moveName":"Brave Bird","movePower":"120","moveType":"Flying","movePP":"15","moveEffect":"User receives 1/3 the damage inflicted in recoil."},"414":{"moveName":"Earth Power","movePower":"90","moveType":"Ground","movePP":"10","moveEffect":"Has a 10% chance to lower the target's Special Defense by one stage."},"415":{"moveName":"Switcheroo","movePower":"0","moveType":"Dark","movePP":"10","moveEffect":"User and target swap items."},"416":{"moveName":"Giga Impact","movePower":"150","moveType":"Normal","movePP":"5","moveEffect":"User foregoes its next turn to recharge."},"417":{"moveName":"Nasty Plot","movePower":"0","moveType":"Dark","movePP":"20","moveEffect":"Raises the user's Special Attack by two stages."},"418":{"moveName":"Bullet Punch","movePower":"40","moveType":"Steel","movePP":"30","moveEffect":"Inflicts regular damage with no additional effect."},"419":{"moveName":"Avalanche","movePower":"60","moveType":"Ice","movePP":"10","moveEffect":"Inflicts double damage if the user takes damage before attacking this turn."},"420":{"moveName":"Ice Shard","movePower":"40","moveType":"Ice","movePP":"30","moveEffect":"Inflicts regular damage with no additional effect."},"421":{"moveName":"Shadow Claw","movePower":"70","moveType":"Ghost","movePP":"15","moveEffect":"Has an increased chance for a critical hit."},"422":{"moveName":"Thunder Fang","movePower":"65","moveType":"Electric","movePP":"15","moveEffect":"Has a 10% chance to paralyze the target and a 10% chance to make the target flinch."},"423":{"moveName":"Ice Fang","movePower":"65","moveType":"Ice","movePP":"15","moveEffect":"Has a 10% chance to freeze the target and a 10% chance to make the target flinch."},"424":{"moveName":"Fire Fang","movePower":"65","moveType":"Fire","movePP":"15","moveEffect":"Has a 10% chance to Burn the target and a 10% chance to make the target flinch."},"425":{"moveName":"Shadow Sneak","movePower":"40","moveType":"Ghost","movePP":"30","moveEffect":"Inflicts regular damage with no additional effect."},"426":{"moveName":"Mud Bomb","movePower":"65","moveType":"Ground","movePP":"10","moveEffect":"Has a 30% chance to lower the target's accuracy by one stage."},"427":{"moveName":"Psycho Cut","movePower":"70","moveType":"Psychic","movePP":"20","moveEffect":"Has an increased chance for a critical hit."},"428":{"moveName":"Zen Headbutt","movePower":"80","moveType":"Psychic","movePP":"15","moveEffect":"Has a 20% chance to make the target flinch."},"429":{"moveName":"Mirror Shot","movePower":"65","moveType":"Steel","movePP":"10","moveEffect":"Has a 30% chance to lower the target's accuracy by one stage."},"430":{"moveName":"Flash Cannon","movePower":"80","moveType":"Steel","movePP":"10","moveEffect":"Has a 10% chance to lower the target's Special Defense by one stage."},"431":{"moveName":"Rock Climb","movePower":"90","moveType":"Normal","movePP":"20","moveEffect":"Has a 20% chance to confuse the target."},"432":{"moveName":"Defog","movePower":"0","moveType":"Flying","movePP":"15","moveEffect":"Lowers the target's evasion by one stage.  Removes field effects from the enemy field."},"433":{"moveName":"Trick Room","movePower":"0","moveType":"Psychic","movePP":"5","moveEffect":"For five turns, slower Pokémon will act before faster Pokémon."},"434":{"moveName":"Draco Meteor","movePower":"130","moveType":"Dragon","movePP":"5","moveEffect":"Lowers the user's Special Attack by two stages after inflicting damage."},"435":{"moveName":"Discharge","movePower":"80","moveType":"Electric","movePP":"15","moveEffect":"Has a 30% chance to Paralysis the target."},"436":{"moveName":"Lava Plume","movePower":"80","moveType":"Fire","movePP":"15","moveEffect":"Has a 30% chance to Burn the target."},"437":{"moveName":"Leaf Storm","movePower":"130","moveType":"Grass","movePP":"5","moveEffect":"Lowers the user's Special Attack by two stages after inflicting damage."},"438":{"moveName":"Power Whip","movePower":"120","moveType":"Grass","movePP":"10","moveEffect":"Inflicts regular damage with no additional effect."},"439":{"moveName":"Rock Wrecker","movePower":"150","moveType":"Rock","movePP":"5","moveEffect":"User foregoes its next turn to recharge."},"440":{"moveName":"Cross Poison","movePower":"70","moveType":"Poison","movePP":"20","moveEffect":"Has an increased chance for a critical hit and a 10% chance to poison the target."},"441":{"moveName":"Gunk Shot","movePower":"120","moveType":"Poison","movePP":"5","moveEffect":"Has a 30% chance to Poison the target."},"442":{"moveName":"Iron Head","movePower":"80","moveType":"Steel","movePP":"15","moveEffect":"Has a 30% chance to make the target flinch."},"443":{"moveName":"Magnet Bomb","movePower":"60","moveType":"Steel","movePP":"20","moveEffect":"Never misses."},"444":{"moveName":"Stone Edge","movePower":"100","moveType":"Rock","movePP":"5","moveEffect":"Has an increased chance for a critical hit."},"445":{"moveName":"Captivate","movePower":"0","moveType":"Normal","movePP":"20","moveEffect":"Lowers the target's Special Attack by two stages if it's the opposite gender."},"446":{"moveName":"Stealth Rock","movePower":"0","moveType":"Rock","movePP":"20","moveEffect":"Causes damage when opposing Pokémon switch in."},"447":{"moveName":"Grass Knot","movePower":"0","moveType":"Grass","movePP":"20","moveEffect":"Inflicts more damage to heavier targets, with a maximum of 120 power."},"448":{"moveName":"Chatter","movePower":"65","moveType":"Flying","movePP":"20","moveEffect":"Has a higher chance to confuse the target when the recorded sound is louder."},"449":{"moveName":"Judgment","movePower":"100","moveType":"Normal","movePP":"10","moveEffect":"If the user is holding a appropriate plate or drive, the damage inflicted will match it."},"450":{"moveName":"Bug Bite","movePower":"60","moveType":"Bug","movePP":"20","moveEffect":"If target has a berry, inflicts double damage and uses the berry."},"451":{"moveName":"Charge Beam","movePower":"50","moveType":"Electric","movePP":"10","moveEffect":"Has a 70% chance to raise the user's Special Attack by one stage."},"452":{"moveName":"Wood Hammer","movePower":"120","moveType":"Grass","movePP":"15","moveEffect":"User receives 1/3 the damage inflicted in recoil."},"453":{"moveName":"Aqua Jet","movePower":"40","moveType":"Water","movePP":"20","moveEffect":"Inflicts regular damage with no additional effect."},"454":{"moveName":"Attack Order","movePower":"90","moveType":"Bug","movePP":"15","moveEffect":"Has an increased chance for a critical hit."},"455":{"moveName":"Defend Order","movePower":"0","moveType":"Bug","movePP":"10","moveEffect":"Raises the user's Defense and Special Defense by one stage."},"456":{"moveName":"Heal Order","movePower":"0","moveType":"Bug","movePP":"10","moveEffect":"Heals the user by half its max HP."},"457":{"moveName":"Head Smash","movePower":"150","moveType":"Rock","movePP":"5","moveEffect":"User receives 1/2 the damage inflicted in recoil."},"458":{"moveName":"Double Hit","movePower":"35","moveType":"Normal","movePP":"10","moveEffect":"Hits twice in one turn."},"459":{"moveName":"Roar Of Time","movePower":"150","moveType":"Dragon","movePP":"5","moveEffect":"User foregoes its next turn to recharge."},"460":{"moveName":"Spacial Rend","movePower":"100","moveType":"Dragon","movePP":"5","moveEffect":"Has an increased chance for a critical hit."},"461":{"moveName":"Lunar Dance","movePower":"0","moveType":"Psychic","movePP":"10","moveEffect":"User faints, and its replacement is fully healed."},"462":{"moveName":"Crush Grip","movePower":"0","moveType":"Normal","movePP":"5","moveEffect":"Power increases against targets with more HP remaining, up to a maximum of 121 power."},"463":{"moveName":"Magma Storm","movePower":"100","moveType":"Fire","movePP":"5","moveEffect":"Prevents the target from fleeing and inflicts damage for 2-5 turns."},"464":{"moveName":"Dark Void","movePower":"0","moveType":"Dark","movePP":"10","moveEffect":"Puts the target to sleep."},"465":{"moveName":"Seed Flare","movePower":"120","moveType":"Grass","movePP":"5","moveEffect":"Has a 40% chance to lower the target's Special Defense by two stages."},"466":{"moveName":"Ominous Wind","movePower":"60","moveType":"Ghost","movePP":"5","moveEffect":"Has a 10% chance to raise all of the user's stats by one stage."},"467":{"moveName":"Shadow Force","movePower":"120","moveType":"Ghost","movePP":"5","moveEffect":"User vanishes, dodging all attacks, and hits next turn.  Hits through Protect and Detect."},"468":{"moveName":"Hone Claws","movePower":"0","moveType":"Dark","movePP":"15","moveEffect":"Raises the user's Attack and accuracy by one stage."},"469":{"moveName":"Wide Guard","movePower":"0","moveType":"Rock","movePP":"10","moveEffect":"Prevents any multi-target moves from hitting friendly Pokémon this turn."},"470":{"moveName":"Guard Split","movePower":"0","moveType":"Psychic","movePP":"10","moveEffect":"Averages Defense and Special Defense with the target."},"471":{"moveName":"Power Split","movePower":"0","moveType":"Psychic","movePP":"10","moveEffect":"Averages Attack and Special Attack with the target."},"472":{"moveName":"Wonder Room","movePower":"0","moveType":"Psychic","movePP":"10","moveEffect":"All Pokémon's Defense and Special Defense are swapped for 5 turns."},"473":{"moveName":"Psyshock","movePower":"80","moveType":"Psychic","movePP":"10","moveEffect":"Inflicts damage based on the target's Defense, not Special Defense."},"474":{"moveName":"Venoshock","movePower":"65","moveType":"Poison","movePP":"10","moveEffect":"Inflicts double damage if the target is Poisoned."},"475":{"moveName":"Autotomize","movePower":"0","moveType":"Steel","movePP":"15","moveEffect":"Raises the user's Speed by two stages and halves the user's weight."},"476":{"moveName":"Rage Powder","movePower":"0","moveType":"Bug","movePP":"20","moveEffect":"Redirects the target's single-target effects to the user for this turn."},"477":{"moveName":"Telekinesis","movePower":"0","moveType":"Psychic","movePP":"15","moveEffect":"Moves have 100% accuracy against the target for three turns."},"478":{"moveName":"Magic Room","movePower":"0","moveType":"Psychic","movePP":"10","moveEffect":"Negates held items for five turns."},"479":{"moveName":"Smack Down","movePower":"50","moveType":"Rock","movePP":"15","moveEffect":"Removes any immunity to Ground damage."},"480":{"moveName":"Storm Throw","movePower":"60","moveType":"Fighting","movePP":"10","moveEffect":"Always scores a critical hit."},"481":{"moveName":"Flame Burst","movePower":"70","moveType":"Fire","movePP":"15","moveEffect":"Deals splash damage to Pokémon next to the target."},"482":{"moveName":"Sludge Wave","movePower":"95","moveType":"Poison","movePP":"10","moveEffect":"Has a 10% chance to Poison the target."},"483":{"moveName":"Quiver Dance","movePower":"0","moveType":"Bug","movePP":"20","moveEffect":"Raises the user's Special Attack, Special Defense, and Speed by one stage each."},"484":{"moveName":"Heavy Slam","movePower":"0","moveType":"Steel","movePP":"10","moveEffect":"Power is higher when the user weighs more than the target, up to a maximum of 120."},"485":{"moveName":"Synchronoise","movePower":"120","moveType":"Psychic","movePP":"10","moveEffect":"Hits any Pokémon that shares a type with the user."},"486":{"moveName":"Electro Ball","movePower":"0","moveType":"Electric","movePP":"10","moveEffect":"Power is higher when the user has greater Speed than the target, up to a maximum of 150."},"487":{"moveName":"Soak","movePower":"0","moveType":"Water","movePP":"20","moveEffect":"Changes the target's type to Water."},"488":{"moveName":"Flame Charge","movePower":"50","moveType":"Fire","movePP":"20","moveEffect":"Inflicts regular damage.  Raises the user's Speed by one stage."},"489":{"moveName":"Coil","movePower":"0","moveType":"Poison","movePP":"20","moveEffect":"Raises the user's Attack, Defense, and accuracy by one stage each."},"490":{"moveName":"Low Sweep","movePower":"65","moveType":"Fighting","movePP":"20","moveEffect":"Lowers the target's Speed by one stage."},"491":{"moveName":"Acid Spray","movePower":"40","moveType":"Poison","movePP":"20","moveEffect":"Lowers the target's Special Defense by two stages."},"492":{"moveName":"Foul Play","movePower":"95","moveType":"Dark","movePP":"15","moveEffect":"Calculates damage with the target's attacking stat."},"493":{"moveName":"Simple Beam","movePower":"0","moveType":"Normal","movePP":"15","moveEffect":"Changes the target's ability to Simple."},"494":{"moveName":"Entrainment","movePower":"0","moveType":"Normal","movePP":"15","moveEffect":"Copies the user's ability onto the target."},"495":{"moveName":"After You","movePower":"0","moveType":"Normal","movePP":"15","moveEffect":"Makes the target act next this turn."},"496":{"moveName":"Round","movePower":"60","moveType":"Normal","movePP":"15","moveEffect":"Has double power if it's used more than once per turn."},"497":{"moveName":"Echoed Voice","movePower":"40","moveType":"Normal","movePP":"15","moveEffect":"Power increases by 100% for each consecutive use by any friendly Pokémon, to a maximum of 200."},"498":{"moveName":"Chip Away","movePower":"70","moveType":"Normal","movePP":"20","moveEffect":"Ignores the target's stat modifiers."},"499":{"moveName":"Clear Smog","movePower":"50","moveType":"Poison","movePP":"15","moveEffect":"Removes all of the target's stat modifiers."},"500":{"moveName":"Stored Power","movePower":"20","moveType":"Psychic","movePP":"10","moveEffect":"Power is higher the more the user's stats have been raised, to a maximum of 31×."},"501":{"moveName":"Quick Guard","movePower":"0","moveType":"Fighting","movePP":"15","moveEffect":"Prevents any priority moves from hitting friendly Pokémon this turn."},"502":{"moveName":"Ally Switch","movePower":"0","moveType":"Psychic","movePP":"15","moveEffect":"User switches places with the friendly Pokémon opposite it."},"503":{"moveName":"Scald","movePower":"80","moveType":"Water","movePP":"15","moveEffect":"Has a 30% chance to Burn the target."},"504":{"moveName":"Shell Smash","movePower":"0","moveType":"Normal","movePP":"15","moveEffect":"Raises user's Attack, Special Attack, and Speed by two stages.  Lower user's Defense and Special Defense by one stage."},"505":{"moveName":"Heal Pulse","movePower":"0","moveType":"Psychic","movePP":"10","moveEffect":"Heals the target for half its max HP."},"506":{"moveName":"Hex","movePower":"65","moveType":"Ghost","movePP":"10","moveEffect":"Has double power if the target has a major status ailment."},"507":{"moveName":"Sky Drop","movePower":"60","moveType":"Flying","movePP":"10","moveEffect":"Carries the target high into the air, dodging all attacks against either, and drops it next turn."},"508":{"moveName":"Shift Gear","movePower":"0","moveType":"Steel","movePP":"10","moveEffect":"Raises the user's Attack by one stage and its Speed by two stages."},"509":{"moveName":"Circle Throw","movePower":"60","moveType":"Fighting","movePP":"10","moveEffect":"Ends wild battles.  Forces trainers to switch Pokémon."},"510":{"moveName":"Incinerate","movePower":"60","moveType":"Fire","movePP":"15","moveEffect":"Destroys the target's held berry."},"511":{"moveName":"Quash","movePower":"0","moveType":"Dark","movePP":"15","moveEffect":"Makes the target act last this turn."},"512":{"moveName":"Acrobatics","movePower":"55","moveType":"Flying","movePP":"15","moveEffect":"Has double power if the user has no held item."},"513":{"moveName":"Reflect Type","movePower":"0","moveType":"Normal","movePP":"15","moveEffect":"User becomes the target's type."},"514":{"moveName":"Retaliate","movePower":"70","moveType":"Normal","movePP":"5","moveEffect":"Has double power if a friendly Pokémon fainted last turn."},"515":{"moveName":"Final Gambit","movePower":"0","moveType":"Fighting","movePP":"5","moveEffect":"Inflicts damage equal to the user's remaining HP.  User faints."},"516":{"moveName":"Bestow","movePower":"0","moveType":"Normal","movePP":"15","moveEffect":"Gives the user's held item to the target."},"517":{"moveName":"Inferno","movePower":"100","moveType":"Fire","movePP":"5","moveEffect":"Has a 100% chance to Burn the target."},"518":{"moveName":"Water Pledge","movePower":"80","moveType":"Water","movePP":"10","moveEffect":"With Grass Pledge, halves opposing Pokémon's Speed for four turns."},"519":{"moveName":"Fire Pledge","movePower":"80","moveType":"Fire","movePP":"10","moveEffect":"With Water Pledge, doubles the effect chance of friendly Pokémon's moves for four turns."},"520":{"moveName":"Grass Pledge","movePower":"80","moveType":"Grass","movePP":"10","moveEffect":"With Fire Pledge, damages opposing Pokémon for 1/8 their max HP every turn for four turns."},"521":{"moveName":"Volt Switch","movePower":"70","moveType":"Electric","movePP":"20","moveEffect":"User must switch out after attacking."},"522":{"moveName":"Struggle Bug","movePower":"50","moveType":"Bug","movePP":"20","moveEffect":"Has a 100% chance to lower the target's Special Attack by one stage."},"523":{"moveName":"Bulldoze","movePower":"60","moveType":"Ground","movePP":"20","moveEffect":"Has a 100% chance to lower the target's Speed by one stage."},"524":{"moveName":"Frost Breath","movePower":"60","moveType":"Ice","movePP":"10","moveEffect":"Always scores a critical hit."},"525":{"moveName":"Dragon Tail","movePower":"60","moveType":"Dragon","movePP":"10","moveEffect":"Ends wild battles.  Forces trainers to switch Pokémon."},"526":{"moveName":"Work Up","movePower":"0","moveType":"Normal","movePP":"30","moveEffect":"Raises the user's Attack and Special Attack by one stage each."},"527":{"moveName":"Electroweb","movePower":"55","moveType":"Electric","movePP":"15","moveEffect":"Lowers the target's Speed by one stage."},"528":{"moveName":"Wild Charge","movePower":"90","moveType":"Electric","movePP":"15","moveEffect":"User receives 1/4 the damage it inflicts in recoil."},"529":{"moveName":"Drill Run","movePower":"80","moveType":"Ground","movePP":"10","moveEffect":"Has an increased chance for a critical hit."},"530":{"moveName":"Dual Chop","movePower":"40","moveType":"Dragon","movePP":"15","moveEffect":"Hits twice in one turn."},"531":{"moveName":"Heart Stamp","movePower":"60","moveType":"Psychic","movePP":"25","moveEffect":"Has a 30% chance to make the target flinch."},"532":{"moveName":"Horn Leech","movePower":"75","moveType":"Grass","movePP":"10","moveEffect":"Drains half the damage inflicted to heal the user."},"533":{"moveName":"Sacred Sword","movePower":"90","moveType":"Fighting","movePP":"15","moveEffect":"Ignores the target's stat modifiers."},"534":{"moveName":"Razor Shell","movePower":"75","moveType":"Water","movePP":"10","moveEffect":"Has a 50% chance to lower the target's Defense by one stage."},"535":{"moveName":"Heat Crash","movePower":"0","moveType":"Fire","movePP":"10","moveEffect":"Power is higher when the user weighs more than the target, up to a maximum of 120."},"536":{"moveName":"Leaf Tornado","movePower":"65","moveType":"Grass","movePP":"10","moveEffect":"Has a 50% chance to lower the target's accuracy by one stage."},"537":{"moveName":"Steamroller","movePower":"65","moveType":"Bug","movePP":"20","moveEffect":"Has a 30% chance to make the target flinch."},"538":{"moveName":"Cotton Guard","movePower":"0","moveType":"Grass","movePP":"10","moveEffect":"Raises the user's Defense by three stages."},"539":{"moveName":"Night Daze","movePower":"85","moveType":"Dark","movePP":"10","moveEffect":"Has a 40% chance to lower the target's accuracy by one stage."},"540":{"moveName":"Psystrike","movePower":"100","moveType":"Psychic","movePP":"10","moveEffect":"Inflicts damage based on the target's Defense, not Special Defense."},"541":{"moveName":"Tail Slap","movePower":"25","moveType":"Normal","movePP":"10","moveEffect":"Hits 2-5 times in one turn."},"542":{"moveName":"Hurricane","movePower":"110","moveType":"Flying","movePP":"10","moveEffect":"Has a 30% chance to confuse the target."},"543":{"moveName":"Head Charge","movePower":"120","moveType":"Normal","movePP":"15","moveEffect":"User receives 1/4 the damage it inflicts in recoil."},"544":{"moveName":"Gear Grind","movePower":"50","moveType":"Steel","movePP":"15","moveEffect":"Hits twice in one turn."},"545":{"moveName":"Searing Shot","movePower":"100","moveType":"Fire","movePP":"5","moveEffect":"Has a 30% chance to Burn the target."},"546":{"moveName":"Techno Blast","movePower":"120","moveType":"Normal","movePP":"5","moveEffect":"If the user is holding a appropriate plate or drive, the damage inflicted will match it."},"547":{"moveName":"Relic Song","movePower":"75","moveType":"Normal","movePP":"10","moveEffect":"Has a 10% chance to put the target to sleep."},"548":{"moveName":"Secret Sword","movePower":"85","moveType":"Fighting","movePP":"10","moveEffect":"Inflicts damage based on the target's Defense, not Special Defense."},"549":{"moveName":"Glaciate","movePower":"65","moveType":"Ice","movePP":"10","moveEffect":"Lowers the target's Speed by one stage."},"550":{"moveName":"Bolt Strike","movePower":"130","moveType":"Electric","movePP":"5","moveEffect":"Has a 20% chance to Paralysis the target."},"551":{"moveName":"Blue Flare","movePower":"130","moveType":"Fire","movePP":"5","moveEffect":"Has a 20% chance to Burn the target."},"552":{"moveName":"Fiery Dance","movePower":"80","moveType":"Fire","movePP":"10","moveEffect":"Has a 50% chance to raise the user's Special Attack by one stage."},"553":{"moveName":"Freeze Shock","movePower":"140","moveType":"Ice","movePP":"5","moveEffect":"Requires a turn to charge before attacking.  Has a 30% chance to paralyze the target."},"554":{"moveName":"Ice Burn","movePower":"140","moveType":"Ice","movePP":"5","moveEffect":"Requires a turn to charge before attacking.  Has a 30% chance to Burn the target."},"555":{"moveName":"Snarl","movePower":"55","moveType":"Dark","movePP":"15","moveEffect":"Has a 100% chance to lower the target's Special Attack by one stage."},"556":{"moveName":"Icicle Crash","movePower":"85","moveType":"Ice","movePP":"10","moveEffect":"Has a 30% chance to make the target flinch."},"557":{"moveName":"V Create","movePower":"180","moveType":"Fire","movePP":"5","moveEffect":"Lowers the user's Defense, Special Defense, and Speed by one stage each."},"558":{"moveName":"Fusion Flare","movePower":"100","moveType":"Fire","movePP":"5","moveEffect":"With Fusion Bolt, inflicts double damage."},"559":{"moveName":"Fusion Bolt","movePower":"100","moveType":"Electric","movePP":"5","moveEffect":"With Fusion Flare, inflicts double damage."},"560":{"moveName":"Flying Press","movePower":"80","moveType":"Fighting","movePP":"10","moveEffect":"Deals both Fighting and Flying-type damage."},"561":{"moveName":"Mat Block","movePower":"0","moveType":"Fighting","movePP":"10","moveEffect":"Protects all friendly Pokémon from damaging moves.  Only works on the first turn after the user is sent out."},"562":{"moveName":"Belch","movePower":"120","moveType":"Poison","movePP":"10","moveEffect":"Can only be used after the user has eaten a berry."},"563":{"moveName":"Rototiller","movePower":"0","moveType":"Ground","movePP":"10","moveEffect":"Raises the Attack and Special Attack of all Grass Pokémon in battle."},"564":{"moveName":"Sticky Web","movePower":"0","moveType":"Bug","movePP":"20","moveEffect":"Covers the opposing field, lowering opponents' Speed by one stage upon switching in."},"565":{"moveName":"Fell Stinger","movePower":"30","moveType":"Bug","movePP":"25","moveEffect":"Raises the user's Attack by two stages if it KOs the target."},"566":{"moveName":"Phantom Force","movePower":"90","moveType":"Ghost","movePP":"10","moveEffect":"User vanishes, dodging all attacks, and hits next turn.  Hits through Protect and Detect."},"567":{"moveName":"Trick Or Treat","movePower":"0","moveType":"Ghost","movePP":"20","moveEffect":"Adds Ghost to the target's types."},"568":{"moveName":"Noble Roar","movePower":"0","moveType":"Normal","movePP":"30","moveEffect":"Lowers the target's Attack and Special Attack by one stage."},"569":{"moveName":"Ion Deluge","movePower":"0","moveType":"Electric","movePP":"25","moveEffect":"Changes all Normal moves to Electric moves for the rest of the turn."},"570":{"moveName":"Parabolic Charge","movePower":"50","moveType":"Electric","movePP":"20","moveEffect":"Heals the user for half the total damage dealt to all targets."},"571":{"moveName":"Forests Curse","movePower":"0","moveType":"Grass","movePP":"20","moveEffect":"Adds Grass to the target's types."},"572":{"moveName":"Petal Blizzard","movePower":"90","moveType":"Grass","movePP":"15","moveEffect":"Inflicts regular damage with no additional effect."},"573":{"moveName":"Freeze Dry","movePower":"70","moveType":"Ice","movePP":"20","moveEffect":"Super-effective against Water."},"574":{"moveName":"Disarming Voice","movePower":"40","moveType":"Fairy","movePP":"15","moveEffect":"Never misses."},"575":{"moveName":"Parting Shot","movePower":"0","moveType":"Dark","movePP":"20","moveEffect":"Lowers all targets' Attack and Special Attack by one stage.  Makes the user switch out."},"576":{"moveName":"Topsy Turvy","movePower":"0","moveType":"Dark","movePP":"20","moveEffect":"Inverts the target's stat modifiers."},"577":{"moveName":"Draining Kiss","movePower":"50","moveType":"Fairy","movePP":"10","moveEffect":"Drains 75% of the damage inflicted to heal the user."},"578":{"moveName":"Crafty Shield","movePower":"0","moveType":"Fairy","movePP":"10","moveEffect":"Protects all friendly Pokémon from non-damaging moves."},"579":{"moveName":"Flower Shield","movePower":"0","moveType":"Fairy","movePP":"10","moveEffect":"Raises the Defense of all Grass Pokémon in battle."},"580":{"moveName":"Grassy Terrain","movePower":"0","moveType":"Grass","movePP":"10","moveEffect":"For five turns, heals all Pokémon on the ground for 1/16 max HP each turn and strengthens their Grass moves to 1.5× their power."},"581":{"moveName":"Misty Terrain","movePower":"0","moveType":"Fairy","movePP":"10","moveEffect":"For five turns, protects all Pokémon on the ground from major status ailments and confusion, and halves the power of incoming Dragon moves."},"582":{"moveName":"Electrify","movePower":"0","moveType":"Electric","movePP":"20","moveEffect":"Changes the target's move's type to Electric if it hasn't moved yet this turn."},"583":{"moveName":"Play Rough","movePower":"90","moveType":"Fairy","movePP":"10","moveEffect":"Has a 10% chance to lower the target's Attack by one stage."},"584":{"moveName":"Fairy Wind","movePower":"40","moveType":"Fairy","movePP":"30","moveEffect":"Inflicts regular damage with no additional effect."},"585":{"moveName":"Moonblast","movePower":"95","moveType":"Fairy","movePP":"15","moveEffect":"Has a 30% chance to lower the target's Special Attack by one stage."},"586":{"moveName":"Boomburst","movePower":"140","moveType":"Normal","movePP":"10","moveEffect":"Inflicts regular damage with no additional effect."},"587":{"moveName":"Fairy Lock","movePower":"0","moveType":"Fairy","movePP":"10","moveEffect":"Prevents all Pokémon from fleeing or switching out during the next turn."},"588":{"moveName":"Kings Shield","movePower":"0","moveType":"Steel","movePP":"10","moveEffect":"Blocks damaging attacks and lowers attacking Pokémon's Attack by two stages on contact.  Switches Aegislash to Shield Forme."},"589":{"moveName":"Play Nice","movePower":"0","moveType":"Normal","movePP":"20","moveEffect":"Lowers the target's Attack by one stage."},"590":{"moveName":"Confide","movePower":"0","moveType":"Normal","movePP":"20","moveEffect":"Lowers the target's Special Attack by one stage."},"591":{"moveName":"Diamond Storm","movePower":"100","moveType":"Rock","movePP":"5","moveEffect":"Has a 50% chance to raise the user's Defense by one stage."},"592":{"moveName":"Steam Eruption","movePower":"110","moveType":"Water","movePP":"5","moveEffect":"Has a 30% chance to Burn the target."},"593":{"moveName":"Hyperspace Hole","movePower":"80","moveType":"Psychic","movePP":"5","moveEffect":"Unknown."},"594":{"moveName":"Water Shuriken","movePower":"15","moveType":"Water","movePP":"20","moveEffect":"Hits 2-5 times in one turn."},"595":{"moveName":"Mystical Fire","movePower":"65","moveType":"Fire","movePP":"10","moveEffect":"Has a 100% chance to lower the target's Special Attack by one stage."},"596":{"moveName":"Spiky Shield","movePower":"0","moveType":"Grass","movePP":"10","moveEffect":"Blocks damaging attacks and damages attacking Pokémon for 1/8 their max HP."},"597":{"moveName":"Aromatic Mist","movePower":"0","moveType":"Fairy","movePP":"20","moveEffect":"Raises a selected ally's Special Defense by one stage."},"598":{"moveName":"Eerie Impulse","movePower":"0","moveType":"Electric","movePP":"15","moveEffect":"Lowers the target's Special Attack by two stages."},"599":{"moveName":"Venom Drench","movePower":"0","moveType":"Poison","movePP":"20","moveEffect":"Lowers the target's Attack, Special Attack, and Speed by one stage if it is poisoned."},"600":{"moveName":"Powder","movePower":"0","moveType":"Bug","movePP":"20","moveEffect":"Explodes if the target uses a Fire move this turn, damaging it for 1/4 its max HP and preventing the move."},"601":{"moveName":"Geomancy","movePower":"0","moveType":"Fairy","movePP":"10","moveEffect":"Takes one turn to charge, then raises the user's Special Attack, Special Defense, and Speed by two stages."},"602":{"moveName":"Magnetic Flux","movePower":"0","moveType":"Electric","movePP":"20","moveEffect":"Raises the Defense and Special Defense of all friendly Pokémon with Plus or Minus by one stage."},"603":{"moveName":"Happy Hour","movePower":"0","moveType":"Normal","movePP":"30","moveEffect":"Doubles prize money."},"604":{"moveName":"Electric Terrain","movePower":"0","moveType":"Electric","movePP":"10","moveEffect":"For five turns, prevents all Pokémon on the ground from sleeping and strengthens their Electric moves to 1.5× their power."},"605":{"moveName":"Dazzling Gleam","movePower":"80","moveType":"Fairy","movePP":"10","moveEffect":"Inflicts regular damage with no additional effect."},"606":{"moveName":"Celebrate","movePower":"0","moveType":"Normal","movePP":"40","moveEffect":"Unknown."},"607":{"moveName":"Hold Hands","movePower":"0","moveType":"Normal","movePP":"40","moveEffect":"Unknown."},"608":{"moveName":"Baby Doll Eyes","movePower":"0","moveType":"Fairy","movePP":"30","moveEffect":"Lowers the target's Attack by one stage."},"609":{"moveName":"Nuzzle","movePower":"20","moveType":"Electric","movePP":"20","moveEffect":"Has a 100% chance to Paralysis the target."},"610":{"moveName":"Hold Back","movePower":"40","moveType":"Normal","movePP":"40","moveEffect":"Cannot lower the target's HP below 1."},"611":{"moveName":"Infestation","movePower":"20","moveType":"Bug","movePP":"20","moveEffect":"Prevents the target from fleeing and inflicts damage for 2-5 turns."},"612":{"moveName":"Power Up Punch","movePower":"40","moveType":"Fighting","movePP":"20","moveEffect":"Has a 100% chance to raise the user's Attack by one stage."},"613":{"moveName":"Oblivion Wing","movePower":"80","moveType":"Flying","movePP":"10","moveEffect":"Drains 75% of the damage inflicted to heal the user."},"614":{"moveName":"Thousand Arrows","movePower":"90","moveType":"Ground","movePP":"10","moveEffect":"Unknown."},"615":{"moveName":"Thousand Waves","movePower":"90","moveType":"Ground","movePP":"10","moveEffect":"Unknown."},"616":{"moveName":"Lands Wrath","movePower":"90","moveType":"Ground","movePP":"10","moveEffect":"Inflicts regular damage with no additional effect."},"617":{"moveName":"Light Of Ruin","movePower":"140","moveType":"Fairy","movePP":"5","moveEffect":"User receives 1/2 the damage inflicted in recoil."},"618":{"moveName":"Origin Pulse","movePower":"110","moveType":"Water","movePP":"10","moveEffect":"Inflicts regular damage with no additional effect."},"619":{"moveName":"Precipice Blades","movePower":"120","moveType":"Ground","movePP":"10","moveEffect":"Inflicts regular damage with no additional effect."},"620":{"moveName":"Dragon Ascent","movePower":"120","moveType":"Flying","movePP":"5","moveEffect":"Lowers the user's Defense and Special Defense by one stage after inflicting damage."},"621":{"moveName":"Hyperspace Fury","movePower":"100","moveType":"Dark","movePP":"5","moveEffect":"Blocks damaging attacks and lowers attacking Pokémon's Attack by two stages on contact.  Switches Aegislash to Shield Forme."},"10001":{"moveName":"Shadow Rush","movePower":"55","moveType":"Shadow","movePP":"0","moveEffect":"Has an increased chance for a critical hit in Hyper Mode."},"10002":{"moveName":"Shadow Blast","movePower":"80","moveType":"Shadow","movePP":"0","moveEffect":"Has an increased chance for a critical hit."},"10003":{"moveName":"Shadow Blitz","movePower":"40","moveType":"Shadow","movePP":"0","moveEffect":"Inflicts regular damage with no additional effect."},"10004":{"moveName":"Shadow Bolt","movePower":"75","moveType":"Shadow","movePP":"0","moveEffect":"Has a 10% chance to Paralysis the target."},"10005":{"moveName":"Shadow Break","movePower":"75","moveType":"Shadow","movePP":"0","moveEffect":"Inflicts regular damage with no additional effect."},"10006":{"moveName":"Shadow Chill","movePower":"75","moveType":"Shadow","movePP":"0","moveEffect":"Has a 10% chance to Freeze the target."},"10007":{"moveName":"Shadow End","movePower":"120","moveType":"Shadow","movePP":"0","moveEffect":"User receives 1/2 its HP in recoil."},"10008":{"moveName":"Shadow Fire","movePower":"75","moveType":"Shadow","movePP":"0","moveEffect":"Has a 10% chance to Burn the target."},"10009":{"moveName":"Shadow Rave","movePower":"70","moveType":"Shadow","movePP":"0","moveEffect":"Inflicts regular damage with no additional effect."},"10010":{"moveName":"Shadow Storm","movePower":"95","moveType":"Shadow","movePP":"0","moveEffect":"Inflicts regular damage with no additional effect."},"10011":{"moveName":"Shadow Wave","movePower":"50","moveType":"Shadow","movePP":"0","moveEffect":"Inflicts regular damage with no additional effect."},"10012":{"moveName":"Shadow Down","movePower":"0","moveType":"Shadow","movePP":"0","moveEffect":"Lowers the target's Defense by two stages."},"10013":{"moveName":"Shadow Half","movePower":"0","moveType":"Shadow","movePP":"0","moveEffect":"Halves HP of all Pokémon on the field.  Must recharge"},"10014":{"moveName":"Shadow Hold","movePower":"0","moveType":"Shadow","movePP":"0","moveEffect":"Prevents the target from leaving battle."},"10015":{"moveName":"Shadow Mist","movePower":"0","moveType":"Shadow","movePP":"0","moveEffect":"Lowers the target's evasion by two stages."},"10016":{"moveName":"Shadow Panic","movePower":"0","moveType":"Shadow","movePP":"0","moveEffect":"Confuses the target."},"10017":{"moveName":"Shadow Shed","movePower":"0","moveType":"Shadow","movePP":"0","moveEffect":"Removes Light Screen, Reflect, and Safeguard."},"10018":{"moveName":"Shadow Sky","movePower":"0","moveType":"Shadow","movePP":"0","moveEffect":"Changes the weather to Shadow Sky for five turns."}}